summary,interest,property,metadata
나이팅게일 선서에 대해 들어본 적 있나요? 간호사의 역할과 마음가짐에 대한 선서입니다. 간호학과에서는 실제 필요한 간호 지식을 가르쳐 환자를 잘 돌볼 수 있는 간호사를 키우고자 합니다. 간호학과에서는 사람들의 건강을 증진시키고 질병에서 오는 고통을 줄여 더 행복한 삶을 살 수 있도록 돕는 방법을 배웁니다.,"인체나 질병, 생명 등에 대한 관심이 있고, 남을 도와주는 것을 좋아하는 사람이면 좋습니다. 간호학은 기초 의학 분야를 공부하기 때문에 생물이나 화학 등의 교과목을 잘해야 하고, 병원에서 다양한 사람과 아픈 환자들을 만나고 함께 생활해야 하기 때문에 대인 관계 능력이 좋아야 합니다.",신체적으로나 정신적으로 건강하게 일생을 살아가는 것은 가장 큰 복이라고 할 수 있습니다. 아픈 사람을 돌보며 다른 사람을 도우며 사는 삶에 대해 배울 수 있는 곳이 간호학과입니다. 과거에는 여성들만 진학하는 학과라는 편견이 있었지만 남성들도 점차 많이 진학하고 있습니다.,"{""majorSeq"": ""10"", ""major"": ""간호학과"", ""salary"": ""284.1"", ""employment"": ""80 이상"", ""job"": ""간호사, 응급구조사, 공중보건연구원, 보건교사, 보건직공무원, 보호관찰관, 생명과학연구원, 수술실간호사, 연구간호사, 의료관광코디네이터, 의료코디네이터, 정신건강상담전문가"", ""qualifications"": ""간호사면허, 보건교사, 보육교사"", ""universities"": [{""schoolName"": ""가톨릭대학교"", ""majorName"": ""간호학과""}, {""schoolName"": ""강서대학교"", ""majorName"": ""간호학부(간호학전공)""}, {""schoolName"": ""강서대학교"", ""majorName"": ""간호학과""}, {""schoolName"": ""경희대학교"", ""majorName"": ""간호학과""}, {""schoolName"": ""고려대학교"", ""majorName"": ""간호학과""}, {""schoolName"": ""삼육대학교"", ""majorName"": ""간호학과""}, {""schoolName"": ""삼육대학교"", ""majorName"": ""간호학과(특별과정)""}, {""schoolName"": ""서울대학교"", ""majorName"": ""간호학과""}, {""schoolName"": ""서울대학교"", ""majorName"": ""간호대학""}, {""schoolName"": ""성신여자대학교"", ""majorName"": ""간호학과""}, {""schoolName"": ""연세대학교"", ""majorName"": ""간호학과""}, {""schoolName"": ""이화여자대학교"", ""majorName"": ""글로벌건강간호학전공""}, {""schoolName"": ""이화여자대학교"", ""majorName"": ""간호학부""}, {""schoolName"": ""이화여자대학교"", ""majorName"": ""간호학전공""}, {""schoolName"": ""중앙대학교"", ""majorName"": ""간호학과""}, {""schoolName"": ""한국방송통신대학교"", ""majorName"": ""간호학과""}, {""schoolName"": ""한국성서대학교"", ""majorName"": ""간호학과""}, {""schoolName"": ""한양대학교"", ""majorName"": ""간호학과""}, {""schoolName"": ""한양대학교"", ""majorName"": ""간호학과(야간)""}, {""schoolName"": ""경성대학교"", ""majorName"": ""간호학과""}, {""schoolName"": ""고신대학교"", ""majorName"": ""간호학과""}, {""schoolName"": ""국립부경대학교"", ""majorName"": ""간호학과""}, {""schoolName"": ""동명대학교"", ""majorName"": ""간호학과""}, {""schoolName"": ""동서대학교"", ""majorName"": ""간호학과""}, {""schoolName"": ""동아대학교"", ""majorName"": ""간호학과""}, {""schoolName"": ""동아대학교"", ""majorName"": ""간호학부 간호학과""}, {""schoolName"": ""동의대학교"", ""majorName"": ""간호학과""}, {""schoolName"": ""부산가톨릭대학교"", ""majorName"": ""간호학과""}, {""schoolName"": ""신라대학교"", ""majorName"": ""간호학과""}, {""schoolName"": ""영산대학교"", ""majorName"": ""간호학과""}, {""schoolName"": ""인제대학교"", ""majorName"": ""간호학과""}, {""schoolName"": ""가천대학교"", ""majorName"": ""간호학과""}, {""schoolName"": ""연세대학교"", ""majorName"": ""간호전공""}, {""schoolName"": ""인천가톨릭대학교"", ""majorName"": ""간호학과(4년제)""}, {""schoolName"": ""인하대학교"", ""majorName"": ""간호학과""}, {""schoolName"": ""건양대학교"", ""majorName"": ""간호학과""}, {""schoolName"": ""대전대학교"", ""majorName"": ""간호학과""}, {""schoolName"": ""배재대학교"", ""majorName"": ""간호학과""}, {""schoolName"": ""우송대학교"", ""majorName"": ""간호학과""}, {""schoolName"": ""충남대학교"", ""majorName"": ""간호학과""}, {""schoolName"": ""한남대학교"", ""majorName"": ""간호학과""}, {""schoolName"": ""경북대학교"", ""majorName"": ""간호학과""}, {""schoolName"": ""계명대학교"", ""majorName"": ""간호학과""}, {""schoolName"": ""대구가톨릭대학교"", ""majorName"": ""간호학과""}, {""schoolName"": ""대구대학교"", ""majorName"": ""간호학과""}, {""schoolName"": ""울산대학교"", ""majorName"": ""간호학전공""}, {""schoolName"": ""울산대학교"", ""majorName"": ""간호학과""}, {""schoolName"": ""광주대학교"", ""majorName"": ""간호학과""}, {""schoolName"": ""광주여자대학교"", ""majorName"": ""간호학과""}, {""schoolName"": ""남부대학교"", ""majorName"": ""간호학과""}, {""schoolName"": ""송원대학교"", ""majorName"": ""간호학과""}, {""schoolName"": ""전남대학교"", ""majorName"": ""간호학과""}, {""schoolName"": ""조선대학교"", ""majorName"": ""간호학과""}, {""schoolName"": ""호남대학교"", ""majorName"": ""간호학과""}, {""schoolName"": ""대진대학교"", ""majorName"": ""간호학과""}, {""schoolName"": ""수원대학교"", ""majorName"": ""간호학과""}, {""schoolName"": ""신한대학교"", ""majorName"": ""간호학과""}, {""schoolName"": ""신한대학교"", ""majorName"": ""간호헬스케어학과""}, {""schoolName"": ""아주대학교"", ""majorName"": ""간호학과(특별과정)""}, {""schoolName"": ""아주대학교"", ""majorName"": ""간호학과""}, {""schoolName"": ""을지대학교"", ""majorName"": ""간호학과""}, {""schoolName"": ""을지대학교"", ""majorName"": ""간호학과""}, {""schoolName"": ""차의과학대학교"", ""majorName"": ""간호학과""}, {""schoolName"": ""평택대학교"", ""majorName"": ""간호학과""}, {""schoolName"": ""한세대학교"", ""majorName"": ""간호학과""}, {""schoolName"": ""화성의과학대학교"", ""majorName"": ""간호학과""}, {""schoolName"": ""가톨릭관동대학교"", ""majorName"": ""간호학과""}, {""schoolName"": ""강원대학교"", ""majorName"": ""간호학과""}, {""schoolName"": ""강원대학교"", ""majorName"": ""간호학과""}, {""schoolName"": ""경동대학교"", ""majorName"": ""간호학과""}, {""schoolName"": ""국립강릉원주대학교"", ""majorName"": ""간호학과""}, {""schoolName"": ""상지대학교"", ""majorName"": ""간호학과""}, {""schoolName"": ""연세대학교 미래캠퍼스"", ""majorName"": ""간호학과""}, {""schoolName"": ""한림대학교"", ""majorName"": ""간호학과""}, {""schoolName"": ""가톨릭꽃동네대학교"", ""majorName"": ""간호학과""}, {""schoolName"": ""건국대학교 글로컬캠퍼스"", ""majorName"": ""간호학과""}, {""schoolName"": ""국립한국교통대학교"", ""majorName"": ""간호학과""}, {""schoolName"": ""극동대학교"", ""majorName"": ""간호학과""}, {""schoolName"": ""세명대학교"", ""majorName"": ""간호학과""}, {""schoolName"": ""유원대학교"", ""majorName"": ""간호학과""}, {""schoolName"": ""중원대학교"", ""majorName"": ""간호학과""}, {""schoolName"": ""청주대학교"", ""majorName"": ""간호학과""}, {""schoolName"": ""충북대학교"", ""majorName"": ""간호학과""}, {""schoolName"": ""국립공주대학교"", ""majorName"": ""간호학과""}, {""schoolName"": ""나사렛대학교"", ""majorName"": ""간호학과""}, {""schoolName"": ""남서울대학교"", ""majorName"": ""간호학과""}, {""schoolName"": ""단국대학교"", ""majorName"": ""간호학과""}, {""schoolName"": ""백석대학교"", ""majorName"": ""간호학과""}, {""schoolName"": ""상명대학교"", ""majorName"": ""간호학과""}, {""schoolName"": ""선문대학교"", ""majorName"": ""간호학과""}, {""schoolName"": ""순천향대학교"", ""majorName"": ""간호학과""}, {""schoolName"": ""중부대학교"", ""majorName"": ""간호학과""}, {""schoolName"": ""청운대학교"", ""majorName"": ""간호학과""}, {""schoolName"": ""한서대학교"", ""majorName"": ""간호학과""}, {""schoolName"": ""호서대학교"", ""majorName"": ""간호학과""}, {""schoolName"": ""국립군산대학교"", ""majorName"": ""간호학부""}, {""schoolName"": ""국립군산대학교"", ""majorName"": ""간호학과""}, {""schoolName"": ""예수대학교"", ""majorName"": ""간호학부""}, {""schoolName"": ""우석대학교"", ""majorName"": ""간호학과""}, {""schoolName"": ""원광대학교"", ""majorName"": ""간호학과""}, {""schoolName"": ""전북대학교"", ""majorName"": ""간호학과""}, {""schoolName"": ""전주대학교"", ""majorName"": ""간호학과""}, {""schoolName"": ""한일장신대학교"", ""majorName"": ""간호학과""}, {""schoolName"": ""호원대학교"", ""majorName"": ""간호학과""}, {""schoolName"": ""국립목포대학교"", ""majorName"": ""간호학과""}, {""schoolName"": ""국립순천대학교"", ""majorName"": ""간호학과""}, {""schoolName"": ""동신대학교"", ""majorName"": ""간호학과""}, {""schoolName"": ""목포가톨릭대학교"", ""majorName"": ""간호학과""}, {""schoolName"": ""세한대학교"", ""majorName"": ""간호학과""}, {""schoolName"": ""초당대학교"", ""majorName"": ""간호학과""}, {""schoolName"": ""경운대학교"", ""majorName"": ""간호학과""}, {""schoolName"": ""경일대학교"", ""majorName"": ""간호학과""}, {""schoolName"": ""국립경국대학교"", ""majorName"": ""간호학과(4년제)""}, {""schoolName"": ""김천대학교"", ""majorName"": ""간호학과""}, {""schoolName"": ""대구한의대학교"", ""majorName"": ""간호학과""}, {""schoolName"": ""동국대학교 WISE캠퍼스"", ""majorName"": ""간호학과""}, {""schoolName"": ""동양대학교"", ""majorName"": ""간호학과""}, {""schoolName"": ""신경주대학교"", ""majorName"": ""간호학과""}, {""schoolName"": ""위덕대학교"", ""majorName"": ""간호학과""}, {""schoolName"": ""가야대학교"", ""majorName"": ""간호학과""}, {""schoolName"": ""경남대학교"", ""majorName"": ""간호학과""}, {""schoolName"": ""경상국립대학교"", ""majorName"": ""간호학과""}, {""schoolName"": ""국립창원대학교"", ""majorName"": ""간호학과""}, {""schoolName"": ""부산대학교"", ""majorName"": ""간호학과""}, {""schoolName"": ""인제대학교"", ""majorName"": ""간호학과(김해)""}, {""schoolName"": ""창신대학교"", ""majorName"": ""간호학과""}, {""schoolName"": ""제주대학교"", ""majorName"": ""간호학과""}]}"
"물리치료는 질병, 사고 혹은 선천적인 질환 등으로 일시적이거나 영구적인 장애를 갖게 된 환자나 운동선수, 산모, 아동, 환자 가족에 이르기까지 다양한 대상에 적용되고 있습니다. 물리치료학은 운동치료나 물리적인 요소들물, 광선, 전기, 열 등을 이용하여 손상된 기능을 회복시키고 장애를 최소화할 수 있도록 평가, 치료, 교육하는 의학의 한 전문영역입니다. 점차 전문화되어 가고 있는 국내외 의료계의 변화에 부응하여 보다 전문적이고 국제적인 물리치료사 양성에 교육 목표를 두고 있습니다.","물리치료사는 병원에서 환자를 대하는 시간이 많은 직업으로 다양한 사람들과 대면해야 하므로 평소 대인관계가 원만하고 사람들과 의사소통이 원만한 사람이면 좋습니다. 인체의 움직임에 대해서 많이 배우고, 학습 내용이 실제 현장에서 활용되는 경우가 많기 때문에 다양한 환경에 대한 적응력이 필요합니다.","인간의 수명 연장으로 은퇴 후 여가생활에 대한 관심이 높아지면서 물리치료에 대한 수요가 점진적으로 늘어나고 있습니다. 이와 더불어 노인 및 장애인 복지 문제, 근로자들의 산업 환경 및 직업병 문제, 건강관리 등과 함께 인체의 회복을 다루는 전문 분야로 물리치료학이 떠오르고 있습니다.","{""majorSeq"": ""176"", ""major"": ""물리치료학과"", ""salary"": ""201.2"", ""employment"": ""80 이상"", ""job"": ""물리치료사, 스포츠트레이너, 임상운동사, 작업치료사"", ""qualifications"": ""물리치료사, 작업치료사"", ""universities"": [{""schoolName"": ""삼육대학교"", ""majorName"": ""물리치료학과""}, {""schoolName"": ""경성대학교"", ""majorName"": ""물리치료학과""}, {""schoolName"": ""동의대학교"", ""majorName"": ""물리치료학과""}, {""schoolName"": ""부산가톨릭대학교"", ""majorName"": ""물리치료학과""}, {""schoolName"": ""신라대학교"", ""majorName"": ""물리치료학과""}, {""schoolName"": ""영산대학교"", ""majorName"": ""물리치료학과""}, {""schoolName"": ""가천대학교"", ""majorName"": ""물리치료학과""}, {""schoolName"": ""건양대학교"", ""majorName"": ""물리치료학과""}, {""schoolName"": ""대전대학교"", ""majorName"": ""물리치료학과""}, {""schoolName"": ""우송대학교"", ""majorName"": ""물리치료학과""}, {""schoolName"": ""광주여자대학교"", ""majorName"": ""물리치료학과""}, {""schoolName"": ""남부대학교"", ""majorName"": ""물리치료학과""}, {""schoolName"": ""호남대학교"", ""majorName"": ""물리치료학과""}, {""schoolName"": ""용인대학교"", ""majorName"": ""물리치료학과""}, {""schoolName"": ""을지대학교"", ""majorName"": ""물리치료학과""}, {""schoolName"": ""강원대학교"", ""majorName"": ""물리치료학과""}, {""schoolName"": ""경동대학교"", ""majorName"": ""물리치료학과""}, {""schoolName"": ""상지대학교"", ""majorName"": ""물리치료학과""}, {""schoolName"": ""연세대학교 미래캠퍼스"", ""majorName"": ""물리치료학과""}, {""schoolName"": ""국립한국교통대학교"", ""majorName"": ""물리치료학과""}, {""schoolName"": ""유원대학교"", ""majorName"": ""물리치료학과""}, {""schoolName"": ""청주대학교"", ""majorName"": ""물리치료학과""}, {""schoolName"": ""나사렛대학교"", ""majorName"": ""물리치료학과""}, {""schoolName"": ""남서울대학교"", ""majorName"": ""물리치료학과""}, {""schoolName"": ""단국대학교"", ""majorName"": ""물리치료학과""}, {""schoolName"": ""백석대학교"", ""majorName"": ""물리치료학과""}, {""schoolName"": ""선문대학교"", ""majorName"": ""물리치료학과""}, {""schoolName"": ""중부대학교"", ""majorName"": ""물리치료학과""}, {""schoolName"": ""한서대학교"", ""majorName"": ""물리치료학과""}, {""schoolName"": ""호서대학교"", ""majorName"": ""물리치료학과""}, {""schoolName"": ""우석대학교"", ""majorName"": ""물리치료학과""}, {""schoolName"": ""전주대학교"", ""majorName"": ""물리치료학과""}, {""schoolName"": ""호원대학교"", ""majorName"": ""물리치료학과""}, {""schoolName"": ""동신대학교"", ""majorName"": ""물리치료학과""}, {""schoolName"": ""세한대학교"", ""majorName"": ""물리치료학과""}, {""schoolName"": ""경운대학교"", ""majorName"": ""물리치료학과""}, {""schoolName"": ""김천대학교"", ""majorName"": ""물리치료학과""}, {""schoolName"": ""대구가톨릭대학교"", ""majorName"": ""물리치료학과""}, {""schoolName"": ""대구대학교"", ""majorName"": ""물리치료학과""}, {""schoolName"": ""대구한의대학교"", ""majorName"": ""물리치료학과""}, {""schoolName"": ""위덕대학교"", ""majorName"": ""물리치료학과""}, {""schoolName"": ""가야대학교"", ""majorName"": ""물리치료학과""}, {""schoolName"": ""경남대학교"", ""majorName"": ""물리치료학과""}, {""schoolName"": ""인제대학교"", ""majorName"": ""물리치료학과""}]}"
"방사선학과는 질병의 정확한 진단정보 제공은 물론 암 치료 등에 있어서도 중추적인 역할을 하고 있는 의료방사선기술과학을 교육ㆍ연구하는 학과입니다. 방사선학과는 의학과 전자공학 그리고 컴퓨터 영상처리 분야를 밑바탕으로 하여 첨단 방사선 진단 및 치료기기를 운용, 관리하고 다른 의료 구성원과 협조하여 질병 진단 및 치료 분야에 종사할 전문 의료기술 인력인 방사선사 양성을 교육목표로 두고 있습니다.","방사선학은 자연과학이 기초가 되므로 생물학, 물리학 등의 과목에 흥미를 가지며, 방사선을 이용하여 질병을 진단하고 치료를 하므로 기계장비 조작에 관심이 있는 학생이면 좋습니다. 병원현장에서 검사 과정에 응용하기 위해서는 세심한 주의력, 정확성, 침착함을 갖추는 것이 중요합니다.","방사선학은 치료방사선 분야에서 암 치료 등에 많이 활용되면서 의학기술의 발전과 함께 발전하고 있습니다. 방사선 촬영 및 투시, CT컴퓨터단층촬영, MRI자기공명영상, 초음파 등의 다양한 첨단장비를 이용한 진단방사선분야 또한 질병 진단에 꼭 필요한 기술로 자리 잡았습니다.","{""majorSeq"": ""10012"", ""major"": ""방사선학과"", ""salary"": ""220.2"", ""employment"": ""80 이상"", ""job"": ""방사선관련연구원, 방사선사, 보건직공무원, 비파괴검사원, 산업안전원"", ""qualifications"": ""방사선사면허, 방사선취급감독자면허"", ""universities"": [{""schoolName"": ""고려대학교"", ""majorName"": ""방사선학과""}, {""schoolName"": ""동서대학교"", ""majorName"": ""방사선학과""}, {""schoolName"": ""동의대학교"", ""majorName"": ""방사선학과""}, {""schoolName"": ""부산가톨릭대학교"", ""majorName"": ""방사선학과""}, {""schoolName"": ""가천대학교"", ""majorName"": ""방사선학과""}, {""schoolName"": ""건양대학교"", ""majorName"": ""방사선학과""}, {""schoolName"": ""남부대학교"", ""majorName"": ""방사선학과""}, {""schoolName"": ""신한대학교"", ""majorName"": ""방사선학과""}, {""schoolName"": ""을지대학교"", ""majorName"": ""방사선학과""}, {""schoolName"": ""강원대학교"", ""majorName"": ""방사선학과""}, {""schoolName"": ""연세대학교 미래캠퍼스"", ""majorName"": ""방사선학과""}, {""schoolName"": ""극동대학교"", ""majorName"": ""방사선학과""}, {""schoolName"": ""청주대학교"", ""majorName"": ""방사선학과""}, {""schoolName"": ""한서대학교"", ""majorName"": ""방사선학과""}, {""schoolName"": ""전주대학교"", ""majorName"": ""방사선학과""}, {""schoolName"": ""동신대학교"", ""majorName"": ""방사선학과""}, {""schoolName"": ""김천대학교"", ""majorName"": ""방사선학과""}, {""schoolName"": ""대구가톨릭대학교"", ""majorName"": ""방사선학과""}, {""schoolName"": ""신경주대학교"", ""majorName"": ""방사선학과""}, {""schoolName"": ""가야대학교"", ""majorName"": ""방사선학과""}, {""schoolName"": ""인제대학교"", ""majorName"": ""방사선화학과""}]}"
보건소에 가 본 적 있나요? 보건소는 국민의 건강을 살피는 곳입니다. 보건학과는 국민의 건강 증진과 국가 및 지역사회의 보건 의료 발전에 중요한 역할을 담당할 인재를 키우고자 합니다. 보건학과에서는 국민의 건강을 지킬 수 있는 의학 및 행정 지식에 대해 공부합니다.,"여러 사람들을 만나 그들의 건강 상태를 살펴주어야 하므로 사람들을 만나고 대화하기를 좋아하는 사람이면 좋습니다. 상황판단력과 순발력이 필요하며, 상담, 심리 등에 관한 지식과 기본적인 의료 상식이 있어야 합니다. 건강을 저해하는 요인들을 연구하고 적용하는 분야이므로 안전이나 위생을 잘 이해하는 학생에게 적합합니다.","사회가 발전함에 따라 국민의 건강에 대한 인식이 높아져 보건ㆍ복지 서비스의 요구가 늘어나고, 보건 의료 기관에서도 고도의 전문성을 갖춘 보건ㆍ의료 행정 책임자를 요구하고 있습니다. 건강증진과 삶의 질 향상에 대한 요구 증가와 함께 보건전문인에 대한 수요 역시 날로 증가하고 있습니다.","{""majorSeq"": ""210"", ""major"": ""보건관리학과"", ""salary"": ""220.2"", ""employment"": ""80 이상"", ""job"": ""대학교수, 병원행정사무원, 보험사무원, 정부행정사무원, 총무사무원"", ""qualifications"": ""건강운동관리사, 보건교육사, 생활체육지도사, 수상인명구조원, 스포츠마사지사, 위생사, 의무기록사"", ""universities"": [{""schoolName"": ""경희사이버대학교"", ""majorName"": ""보건의료관리학과""}, {""schoolName"": ""고려사이버대학교"", ""majorName"": ""보건의료학부""}, {""schoolName"": ""동덕여자대학교"", ""majorName"": ""보건관리학과""}, {""schoolName"": ""삼육대학교"", ""majorName"": ""보건관리학과""}, {""schoolName"": ""서울디지털대학교"", ""majorName"": ""보건의료행정전공""}, {""schoolName"": ""이화여자대학교"", ""majorName"": ""융합보건학과""}, {""schoolName"": ""이화여자대학교"", ""majorName"": ""보건관리학과""}, {""schoolName"": ""한국방송통신대학교"", ""majorName"": ""보건환경학과""}, {""schoolName"": ""한국열린사이버대학교"", ""majorName"": ""뷰티건강디자인학과""}, {""schoolName"": ""고신대학교"", ""majorName"": ""보건환경학부""}, {""schoolName"": ""동서대학교"", ""majorName"": ""바이오헬스융합대학""}, {""schoolName"": ""부산가톨릭대학교"", ""majorName"": ""산업보건학과""}, {""schoolName"": ""건양사이버대학교"", ""majorName"": ""보건의료복지학과""}, {""schoolName"": ""대전대학교"", ""majorName"": ""보건의료경영학과""}, {""schoolName"": ""목원대학교"", ""majorName"": ""보건의료관리학과""}, {""schoolName"": ""배재대학교"", ""majorName"": ""보건의료복지학과(인문사회계열)""}, {""schoolName"": ""배재대학교"", ""majorName"": ""실버보건학과""}, {""schoolName"": ""배재대학교"", ""majorName"": ""보건의료복지학과""}, {""schoolName"": ""우송대학교"", ""majorName"": ""보건의료경영학과""}, {""schoolName"": ""계명대학교"", ""majorName"": ""공중보건학전공""}, {""schoolName"": ""계명대학교"", ""majorName"": ""공중보건학과""}, {""schoolName"": ""조선대학교"", ""majorName"": ""공공서비스학부(헬스케어서비스전공)""}, {""schoolName"": ""호남대학교"", ""majorName"": ""보건과학대학""}, {""schoolName"": ""경동대학교"", ""majorName"": ""공공복지정보관리학과""}, {""schoolName"": ""을지대학교"", ""majorName"": ""보건산업유통학전공""}, {""schoolName"": ""차의과학대학교"", ""majorName"": ""헬스케어융합학부(자연과학)""}, {""schoolName"": ""협성대학교"", ""majorName"": ""보건관리학과""}, {""schoolName"": ""가톨릭관동대학교"", ""majorName"": ""보건환경학과""}, {""schoolName"": ""경동대학교"", ""majorName"": ""보건관리학과""}, {""schoolName"": ""경동대학교"", ""majorName"": ""보건관리학과""}, {""schoolName"": ""경동대학교"", ""majorName"": ""보건관리학과(자연과학)""}, {""schoolName"": ""상지대학교"", ""majorName"": ""보건의료경영학과""}, {""schoolName"": ""상지대학교"", ""majorName"": ""보건의료경영전공""}, {""schoolName"": ""상지대학교"", ""majorName"": ""보건계열""}, {""schoolName"": ""연세대학교 미래캠퍼스"", ""majorName"": ""보건의료정보관리학전공""}, {""schoolName"": ""연세대학교 미래캠퍼스"", ""majorName"": ""보건과학부""}, {""schoolName"": ""연세대학교 미래캠퍼스"", ""majorName"": ""AI보건정보관리학과""}, {""schoolName"": ""세명대학교"", ""majorName"": ""보건안전학과""}, {""schoolName"": ""남서울대학교"", ""majorName"": ""바이오헬스컨디셔닝학과""}, {""schoolName"": ""단국대학교"", ""majorName"": ""보건과학대학""}, {""schoolName"": ""유원대학교"", ""majorName"": ""산업안전보건학과""}, {""schoolName"": ""한서대학교"", ""majorName"": ""보건복지학과""}, {""schoolName"": ""우석대학교"", ""majorName"": ""보건의료경영학과""}, {""schoolName"": ""우석대학교"", ""majorName"": ""보건의료관리학과""}, {""schoolName"": ""전주대학교"", ""majorName"": ""보건관리학과""}, {""schoolName"": ""김천대학교"", ""majorName"": ""보건건강관리학과(보건건강관리전공)""}, {""schoolName"": ""대구가톨릭대학교"", ""majorName"": ""보건안전학과""}, {""schoolName"": ""대구가톨릭대학교"", ""majorName"": ""산업보건학전공""}, {""schoolName"": ""대구대학교"", ""majorName"": ""보건의료정보학과""}, {""schoolName"": ""대구한의대학교"", ""majorName"": ""보건관리전공""}, {""schoolName"": ""대구한의대학교"", ""majorName"": ""보건안전전공""}, {""schoolName"": ""대구한의대학교"", ""majorName"": ""보건학부""}, {""schoolName"": ""대구한의대학교"", ""majorName"": ""보건의료행정전공""}, {""schoolName"": ""대구한의대학교"", ""majorName"": ""산업안전보건전공""}, {""schoolName"": ""동국대학교 WISE캠퍼스"", ""majorName"": ""보건의료정보학과""}, {""schoolName"": ""위덕대학교"", ""majorName"": ""보건관리학과""}, {""schoolName"": ""경남대학교"", ""majorName"": ""보건의료정보학과""}, {""schoolName"": ""인제대학교"", ""majorName"": ""보건관리학과""}, {""schoolName"": ""인제대학교"", ""majorName"": ""산업안전보건학과""}, {""schoolName"": ""창신대학교"", ""majorName"": ""보건안전학과""}]}"
"신약 개발로 다양한 질병을 치료할 수 있게 되었다는 뉴스를 본 적이 있지요? 약학과에서는 질병의 예방 및 치료에 사용되는 의약품에 관한 지식을 가르치고, 임상 응용 능력을 갖추어 관련된 학문적 연구를 수행할 수 있는 학생을 키우고자 합니다. 약학과에서는 의약품과 약물 치료에 대한 이론을 바탕으로 약품의 개발 및 생산, 관리 등을 공부합니다.","약학과는 화학, 생물학, 물리학 등을 기초로 하는 학문이므로, 약제에 대한 실험이나 실습을 좋아하고 자연 과학 과목에 흥미가 있는 학생이면 좋습니다. 약학과는 꼼꼼하고 침착한 성격이 좋으며 다양한 약제로 실험을 해야 하므로 시각이나 후각 등 감각이 발달한 학생이어야 합니다.",약학은 국민 건강 회복과 유지에 큰 기여를 하고 있는 응용 과학의 한 분야로서 중요한 위치를 차지하고 있습니다. 전 국민 건강 보험 제도와 의약 분업에 따라 전문 약사에 대한 일자리가 늘어날 것으로 예상되기에 더욱 주목받고 있습니다.,"{""majorSeq"": ""341"", ""major"": ""약학부"", ""salary"": ""399.6"", ""employment"": ""80 이상"", ""job"": ""약사 및 한약사, 공중보건연구원, 대학교수, 약학연구원, 의약품화학공학기술자, 제약회사연구원"", ""qualifications"": ""약사면허"", ""universities"": [{""schoolName"": ""경희대학교"", ""majorName"": ""약학과""}, {""schoolName"": ""경희대학교"", ""majorName"": ""약학과(6년제)""}, {""schoolName"": ""경희대학교"", ""majorName"": ""약학과(2+4년제)""}, {""schoolName"": ""덕성여자대학교"", ""majorName"": ""약학과(6년제)""}, {""schoolName"": ""덕성여자대학교"", ""majorName"": ""약학과(2+4학제)""}, {""schoolName"": ""동덕여자대학교"", ""majorName"": ""약학과""}, {""schoolName"": ""삼육대학교"", ""majorName"": ""약학과""}, {""schoolName"": ""서울대학교"", ""majorName"": ""약학과(2+4년제)""}, {""schoolName"": ""서울대학교"", ""majorName"": ""약학기본과정(2+4학제)""}, {""schoolName"": ""서울대학교"", ""majorName"": ""제약학과(2+4학제)""}, {""schoolName"": ""서울대학교"", ""majorName"": ""제약학과""}, {""schoolName"": ""서울대학교"", ""majorName"": ""약학계열(6년제)""}, {""schoolName"": ""서울대학교"", ""majorName"": ""약학과""}, {""schoolName"": ""숙명여자대학교"", ""majorName"": ""약학부""}, {""schoolName"": ""이화여자대학교"", ""majorName"": ""약학전공""}, {""schoolName"": ""이화여자대학교"", ""majorName"": ""미래산업약학전공""}, {""schoolName"": ""이화여자대학교"", ""majorName"": ""약학부""}, {""schoolName"": ""이화여자대학교"", ""majorName"": ""산업제약학과""}, {""schoolName"": ""이화여자대학교"", ""majorName"": ""약학과(6년제)""}, {""schoolName"": ""중앙대학교"", ""majorName"": ""약학부""}, {""schoolName"": ""경성대학교"", ""majorName"": ""약학과""}, {""schoolName"": ""부산대학교"", ""majorName"": ""제약학전공""}, {""schoolName"": ""부산대학교"", ""majorName"": ""약학전공(통합6년제)""}, {""schoolName"": ""부산대학교"", ""majorName"": ""제약학전공(통합6년제)""}, {""schoolName"": ""부산대학교"", ""majorName"": ""약학부""}, {""schoolName"": ""부산대학교"", ""majorName"": ""약학전공""}, {""schoolName"": ""부산대학교"", ""majorName"": ""제약학과""}, {""schoolName"": ""부산대학교"", ""majorName"": ""약학부(통합6년제)""}, {""schoolName"": ""가천대학교"", ""majorName"": ""약학과""}, {""schoolName"": ""가천대학교"", ""majorName"": ""약학과(2+4학제)""}, {""schoolName"": ""연세대학교"", ""majorName"": ""약학과""}, {""schoolName"": ""연세대학교"", ""majorName"": ""약학과(2+4학제)""}, {""schoolName"": ""연세대학교"", ""majorName"": ""약학계열""}, {""schoolName"": ""충남대학교"", ""majorName"": ""약학과""}, {""schoolName"": ""경북대학교"", ""majorName"": ""혁신신약학과""}, {""schoolName"": ""경북대학교"", ""majorName"": ""약학과""}, {""schoolName"": ""계명대학교"", ""majorName"": ""제약학과""}, {""schoolName"": ""계명대학교"", ""majorName"": ""약학과""}, {""schoolName"": ""계명대학교"", ""majorName"": ""약학부""}, {""schoolName"": ""전남대학교"", ""majorName"": ""약학부""}, {""schoolName"": ""조선대학교"", ""majorName"": ""약학과(2+4학제)""}, {""schoolName"": ""조선대학교"", ""majorName"": ""약학과(6년제)""}, {""schoolName"": ""가톨릭대학교"", ""majorName"": ""약학과""}, {""schoolName"": ""동국대학교"", ""majorName"": ""약학과""}, {""schoolName"": ""성균관대학교"", ""majorName"": ""약학과""}, {""schoolName"": ""성균관대학교"", ""majorName"": ""약학대학""}, {""schoolName"": ""아주대학교"", ""majorName"": ""약학과""}, {""schoolName"": ""차의과학대학교"", ""majorName"": ""약학과""}, {""schoolName"": ""한양대학교 ERICA캠퍼스"", ""majorName"": ""약학과(6년제)""}, {""schoolName"": ""강원대학교"", ""majorName"": ""약학과""}, {""schoolName"": ""충북대학교"", ""majorName"": ""약학과""}, {""schoolName"": ""충북대학교"", ""majorName"": ""제약학과(2+4학제)""}, {""schoolName"": ""충북대학교"", ""majorName"": ""제약학과""}, {""schoolName"": ""충북대학교"", ""majorName"": ""산업제약학과""}, {""schoolName"": ""충북대학교"", ""majorName"": ""약학과(2+4학제)""}, {""schoolName"": ""단국대학교"", ""majorName"": ""약학과""}, {""schoolName"": ""순천향대학교"", ""majorName"": ""의약공학과""}, {""schoolName"": ""우석대학교"", ""majorName"": ""약학과(2+4학제)""}, {""schoolName"": ""우석대학교"", ""majorName"": ""약학과""}, {""schoolName"": ""원광대학교"", ""majorName"": ""약학과""}, {""schoolName"": ""원광대학교"", ""majorName"": ""약학과(2+4학제)""}, {""schoolName"": ""전북대학교"", ""majorName"": ""약학과""}, {""schoolName"": ""전북대학교"", ""majorName"": ""약학과(2+4년제)""}, {""schoolName"": ""국립목포대학교"", ""majorName"": ""약학과(2+4학제)""}, {""schoolName"": ""국립목포대학교"", ""majorName"": ""약학과(6년제)""}, {""schoolName"": ""국립순천대학교"", ""majorName"": ""약학과(2+4학제)""}, {""schoolName"": ""국립순천대학교"", ""majorName"": ""약학과(6년제)""}, {""schoolName"": ""대구가톨릭대학교"", ""majorName"": ""제약학전공(6년제)""}, {""schoolName"": ""대구가톨릭대학교"", ""majorName"": ""약학전공""}, {""schoolName"": ""대구가톨릭대학교"", ""majorName"": ""약학부(통합6년제)""}, {""schoolName"": ""대구가톨릭대학교"", ""majorName"": ""약학부""}, {""schoolName"": ""대구가톨릭대학교"", ""majorName"": ""제약학전공""}, {""schoolName"": ""대구가톨릭대학교"", ""majorName"": ""약학전공(6년제)""}, {""schoolName"": ""영남대학교"", ""majorName"": ""약학전공""}, {""schoolName"": ""영남대학교"", ""majorName"": ""약학부""}, {""schoolName"": ""영남대학교"", ""majorName"": ""제약학전공""}, {""schoolName"": ""경상국립대학교"", ""majorName"": ""약학과(2+4년제)""}, {""schoolName"": ""경상국립대학교"", ""majorName"": ""약학과(6년제)""}, {""schoolName"": ""인제대학교"", ""majorName"": ""약학과""}, {""schoolName"": ""제주대학교"", ""majorName"": ""약학과""}, {""schoolName"": ""고려대학교 세종캠퍼스"", ""majorName"": ""약학과""}]}"
"예술치료학은 음악, 미술, 문학, 무용 등 예술과 치료를 통합함으로써 예술치료사 양성을 목표로 하는 실용학문입니다. 예술치료학과는 전문 지식과 기술을 바탕으로 다양한 임상 영역에서 각각의 예술기법을 전문적으로 적용시킬 수 있는 예술치료 전문가 양성을 교육목표로 두고 있습니다.","음악이나 미술과 같은 예술 분야와 사회복지, 심리, 상담 등 다양한 분야에 관심이 있는 학생이면 좋습니다. 마음의 병을 가지고 있는 사람들을 대해야 하기 때문에 다른 사람의 마음을 잘 이해할 줄 알아야 하며, 심리학과 정신의학에 대한 기본 지식이 있어야 합니다.",현대 의학으로 치료할 수 없는 마음의 병에 시달리는 사람들과 재활 치료를 원하는 많은 사람들에게 쉽게 다가갈 수 있는 것은 예술 치료의 장점입니다. 예술치료의 효과가 알려지면서 예술치료사는 새로운 유망 직종으로 급부상하고 있습니다.,"{""majorSeq"": ""10045"", ""major"": ""예술치료학과"", ""salary"": ""201.2"", ""employment"": ""80 이상"", ""job"": ""음악치료사, 미술치료사, 심리치료사, 예술치료사"", ""qualifications"": ""미술심리상담사, 음악심리상담사, 임상심리사, 청소년지도사, 평생교육사"", ""universities"": [{""schoolName"": ""서울디지털대학교"", ""majorName"": ""예술치료전공""}, {""schoolName"": ""서울사이버대학교"", ""majorName"": ""음악치료학과""}, {""schoolName"": ""세종사이버대학교"", ""majorName"": ""예술치료학과""}, {""schoolName"": ""한양사이버대학교"", ""majorName"": ""미술치료학과""}, {""schoolName"": ""차의과학대학교"", ""majorName"": ""미술치료학과""}, {""schoolName"": ""전주대학교"", ""majorName"": ""예술심리치료학과""}, {""schoolName"": ""대구가톨릭대학교"", ""majorName"": ""예술치료학과""}, {""schoolName"": ""대구사이버대학교"", ""majorName"": ""미술치료학과""}, {""schoolName"": ""대구한의대학교"", ""majorName"": ""미술치료학전공""}, {""schoolName"": ""대구한의대학교"", ""majorName"": ""미술치료학과(자연)""}, {""schoolName"": ""대구한의대학교"", ""majorName"": ""미술심리치료학과""}, {""schoolName"": ""대구한의대학교"", ""majorName"": ""미술놀이치료학과""}]}"
"응급의료는 현대 사회의 각종 불의의 사고, 재난, 질병 등으로부터 국민의 생명을 보호하고 전문적인 응급처지를 통해 응급환자에 대한 생명유지 및 합병증을 예방하고 보다 나은 의료 서비스를 제공함으로써 국민 건강 향상에 중요한 역할을 수행하고 있습니다. 이에 응급구조학과는 응급처치에 관한 과학적 의료 지식과 실무 중심의 기술을 교육하여 응급환자의 건강과 생명을 보호할 수 있는 인재 양성을 목표로 하고 있습니다.","봉사 및 희생정신을 통해 보람을 느끼며, 생물학이나 물리학 등 자연과학 과목에 흥미를 가지고 있는 학생이면 좋습니다. 긴급 상황에서 침착하게 대처하고 정확하게 판단할 수 있는 능력과 민첩하게 움직일 수 있는 능력이 필요합니다.","최근 각종 사고 발생이 많아지면서 응급의료의 수요가 급증하여 응급구조사의 역할이 더욱 중요해지고 있습니다. 최근에는 일반인에 대한 응급처치 교육을 제공해야 하는 일이 늘어나면서 현장에서 뛰는 응급구조뿐 아니라 응급처치 교육, 응급구조학 연구, 응급구조 행정관리 등 다양한 분야에 대한 탐색이 이루어지고 있습니다.","{""majorSeq"": ""10014"", ""major"": ""응급구조학과"", ""salary"": ""223.5"", ""employment"": ""60 이상"", ""job"": ""소방관, 소방안전관리사, 응급구조사, 인명구조원, 해양경찰"", ""qualifications"": ""심폐소생술자격증, 응급구조사"", ""universities"": [{""schoolName"": ""동명대학교"", ""majorName"": ""응급구조학과""}, {""schoolName"": ""가천대학교"", ""majorName"": ""응급구조학과""}, {""schoolName"": ""건양대학교"", ""majorName"": ""응급구조학과""}, {""schoolName"": ""대전대학교"", ""majorName"": ""응급구조학과""}, {""schoolName"": ""목원대학교"", ""majorName"": ""응급구조학과""}, {""schoolName"": ""우송대학교"", ""majorName"": ""응급구조학과""}, {""schoolName"": ""광주대학교"", ""majorName"": ""응급구조학과""}, {""schoolName"": ""남부대학교"", ""majorName"": ""응급구조학과""}, {""schoolName"": ""호남대학교"", ""majorName"": ""응급구조학과""}, {""schoolName"": ""을지대학교"", ""majorName"": ""응급구조학과""}, {""schoolName"": ""강원대학교"", ""majorName"": ""응급구조학과""}, {""schoolName"": ""경동대학교"", ""majorName"": ""응급구조학과""}, {""schoolName"": ""국립한국교통대학교"", ""majorName"": ""응급구조학과""}, {""schoolName"": ""서원대학교"", ""majorName"": ""응급구조학과""}, {""schoolName"": ""유원대학교"", ""majorName"": ""응급구조학과""}, {""schoolName"": ""국립공주대학교"", ""majorName"": ""응급구조학과""}, {""schoolName"": ""나사렛대학교"", ""majorName"": ""응급구조학과""}, {""schoolName"": ""남서울대학교"", ""majorName"": ""응급구조학과""}, {""schoolName"": ""백석대학교"", ""majorName"": ""응급구조학과""}, {""schoolName"": ""선문대학교"", ""majorName"": ""응급구조학과""}, {""schoolName"": ""우석대학교"", ""majorName"": ""응급구조학과""}, {""schoolName"": ""원광대학교"", ""majorName"": ""응급구조학과""}, {""schoolName"": ""호원대학교"", ""majorName"": ""응급구조학과""}, {""schoolName"": ""동신대학교"", ""majorName"": ""응급구조학과""}, {""schoolName"": ""경일대학교"", ""majorName"": ""응급구조학과""}, {""schoolName"": ""대구대학교"", ""majorName"": ""응급구조학과""}, {""schoolName"": ""인제대학교"", ""majorName"": ""응급구조학과""}, {""schoolName"": ""창신대학교"", ""majorName"": ""응급구조학과""}]}"
첨단화된 의료장비의 발전으로 간단하면서도 보다 정확하고 세밀하게 다양한 질병 검사를 할 수 있게 되었습니다. 의료정보공학과는 현대 의학의 발전에 도움이 되고 환자들의 질병에 대해 정확한 진단을 내릴 수 있는 의료장비에 관한 전문가를 키웁니다. 의료정보공학과에서는 의학에 공학기술을 적용시켜 첨단 의료장비를 개발하고 운영하는 데 필요한 기술을 배웁니다.,"첨단기술이 이용되는 학문인만큼 컴퓨터나 전자 장비 등의 각종 기계나 장비에 대한 관심이 있고, 정교한 것을 만들고 실험하며 조작하는 것에 흥미가 있으며, 분석하고 측정하는 일을 좋아하는 사람이면 좋습니다. 의학 분야도 함께 공부해야 하므로 생물이나 화학을 잘 하는 학생에게 적합합니다.",의학 분야에 사용되는 첨단 의료기기 개발뿐 아니라 생체 및 인체 특성을 고려한 인공 재료 분야 개발도 의료정보공학에 포함됩니다. 다양한 기술의 발달과 생명연장의 시대에 발맞추어 의료정보공학에 대한 관심도 커지고 있습니다.,"{""majorSeq"": ""404"", ""major"": ""의료정보공학과"", ""salary"": ""223.5"", ""employment"": ""60 이상"", ""job"": ""의료장비생산관리원, 의료장비설치수리원, 의료장비영업원, 의료장비품질관리원, 전자의료기기개발기술자"", ""qualifications"": ""의공기사, 의공산업기사, 의지보조기기사, 전기기사, 전자기사, 치과기공사면허"", ""universities"": [{""schoolName"": ""고려대학교"", ""majorName"": ""바이오의공학부""}, {""schoolName"": ""이화여자대학교"", ""majorName"": ""휴먼기계바이오공학부""}, {""schoolName"": ""국립부경대학교"", ""majorName"": ""휴먼바이오융합전공""}, {""schoolName"": ""건양대학교"", ""majorName"": ""의료IT공학과""}, {""schoolName"": ""남부대학교"", ""majorName"": ""통합의료학과""}, {""schoolName"": ""대진대학교"", ""majorName"": ""의료IT융합전공""}, {""schoolName"": ""을지대학교"", ""majorName"": ""의료공학과""}, {""schoolName"": ""을지대학교"", ""majorName"": ""의료IT학과""}, {""schoolName"": ""을지대학교"", ""majorName"": ""스마트의료정보학부""}, {""schoolName"": ""가톨릭관동대학교"", ""majorName"": ""의료IT학과""}, {""schoolName"": ""가톨릭관동대학교"", ""majorName"": ""의료공학과""}, {""schoolName"": ""연세대학교 미래캠퍼스"", ""majorName"": ""바이오융합공학전공""}, {""schoolName"": ""중원대학교"", ""majorName"": ""의료공학과""}, {""schoolName"": ""국립공주대학교"", ""majorName"": ""의료정보학과""}, {""schoolName"": ""순천향대학교"", ""majorName"": ""의료IT공학과""}, {""schoolName"": ""대구가톨릭대학교"", ""majorName"": ""의료공학과""}, {""schoolName"": ""대구한의대학교"", ""majorName"": ""의료공학전공""}, {""schoolName"": ""대구한의대학교"", ""majorName"": ""디지털재활의료공학전공""}, {""schoolName"": ""대구한의대학교"", ""majorName"": ""IT의료데이터과학전공""}, {""schoolName"": ""인제대학교"", ""majorName"": ""의료IT학과""}]}"
병원에 가면 흰 가운을 입은 의사 선생님을 볼 수 있죠? 의사가 되려면 의예과를 졸업해야 합니다. 의예과는 의료인으로서의 윤리의식을 함양하고 사회적 책임을 다할 수 있는 소양과 실용적인 능력을 갖춘 전문 의사를 키웁니다. 의예과는 순수 자연과학을 바탕으로 하는 응용과학 분야로서 사람을 살리는 데 필요한 지식을 가르치고 있습니다.,"인체의 구조와 특성에 관심이 있는 학생이면 좋습니다. 환자를 돌보는 일을 하게 될 것이므로 생명을 소중히 여길 줄 아는 마음과 타인을 위해 봉사할 수 있는 마음이 필요합니다. 의예과 공부를 위해서는 기본적인 과학 지식이 있어야 하고, 수술을 위해서는 정교한 동작을 할 줄 알아야 합니다. 응급상황이 발생했을 때 빠르게 상황을 판단할 줄 아는 능력과 정확하게 대처할 수 있는 능력이 필요합니다.",첨단 과학 기술의 발달로 인해 인간의 수명이 연장되면서 불치병을 고칠 수 있는 의료 기술에 대한 연구가 활발해지고 있습니다. 최근에는 새로운 의학 기술의 습득과 동시에 인간의 기본 권리 및 존엄성을 지킬 수 있는 의료 윤리에 대한 중요성도 강조되고 있습니다.,"{""majorSeq"": ""413"", ""major"": ""의예과"", ""salary"": ""357.4"", ""employment"": ""80 이상"", ""job"": ""가정의학과의사, 내과의사, 마취병리과의사, 방사선과의사, 비뇨기과의사, 산부인과의사, 생명과학연구원, 성형외과의사, 안과의사, 외과의사, 의료전문기자, 의학연구원, 정신과의사, 피부과의사"", ""qualifications"": ""의사면허"", ""universities"": [{""schoolName"": ""가톨릭대학교"", ""majorName"": ""의예과""}, {""schoolName"": ""가톨릭대학교"", ""majorName"": ""의학과""}, {""schoolName"": ""경희대학교"", ""majorName"": ""의학과""}, {""schoolName"": ""경희대학교"", ""majorName"": ""의예과(자연계열)""}, {""schoolName"": ""고려대학교"", ""majorName"": ""의예과""}, {""schoolName"": ""고려대학교"", ""majorName"": ""의학과""}, {""schoolName"": ""서울대학교"", ""majorName"": ""의예과""}, {""schoolName"": ""서울대학교"", ""majorName"": ""의학과""}, {""schoolName"": ""성신여자대학교"", ""majorName"": ""글로벌의과학과""}, {""schoolName"": ""연세대학교"", ""majorName"": ""의예과""}, {""schoolName"": ""연세대학교"", ""majorName"": ""의학과""}, {""schoolName"": ""이화여자대학교"", ""majorName"": ""의학과""}, {""schoolName"": ""이화여자대학교"", ""majorName"": ""의예과""}, {""schoolName"": ""중앙대학교"", ""majorName"": ""의학부(의학)""}, {""schoolName"": ""중앙대학교"", ""majorName"": ""의학부(의예)""}, {""schoolName"": ""한양대학교"", ""majorName"": ""의학과""}, {""schoolName"": ""한양대학교"", ""majorName"": ""의예과""}, {""schoolName"": ""고신대학교"", ""majorName"": ""의예과""}, {""schoolName"": ""고신대학교"", ""majorName"": ""의학과""}, {""schoolName"": ""동아대학교"", ""majorName"": ""의예과""}, {""schoolName"": ""동아대학교"", ""majorName"": ""의학과""}, {""schoolName"": ""인제대학교"", ""majorName"": ""의학과""}, {""schoolName"": ""가천대학교"", ""majorName"": ""의예과""}, {""schoolName"": ""가천대학교"", ""majorName"": ""의학과""}, {""schoolName"": ""인하대학교"", ""majorName"": ""의예과""}, {""schoolName"": ""인하대학교"", ""majorName"": ""의학과""}, {""schoolName"": ""건양대학교"", ""majorName"": ""의예과""}, {""schoolName"": ""건양대학교"", ""majorName"": ""의학과""}, {""schoolName"": ""을지대학교"", ""majorName"": ""의예과""}, {""schoolName"": ""을지대학교"", ""majorName"": ""의학과""}, {""schoolName"": ""충남대학교"", ""majorName"": ""의예과""}, {""schoolName"": ""충남대학교"", ""majorName"": ""의학과""}, {""schoolName"": ""경북대학교"", ""majorName"": ""의예과""}, {""schoolName"": ""경북대학교"", ""majorName"": ""의학과""}, {""schoolName"": ""계명대학교"", ""majorName"": ""의예과""}, {""schoolName"": ""계명대학교"", ""majorName"": ""의학과""}, {""schoolName"": ""대구가톨릭대학교"", ""majorName"": ""의예과""}, {""schoolName"": ""대구가톨릭대학교"", ""majorName"": ""의학과""}, {""schoolName"": ""영남대학교"", ""majorName"": ""의학과""}, {""schoolName"": ""울산대학교"", ""majorName"": ""의예과""}, {""schoolName"": ""울산대학교"", ""majorName"": ""의학전공""}, {""schoolName"": ""전남대학교"", ""majorName"": ""의예과""}, {""schoolName"": ""전남대학교"", ""majorName"": ""의학과""}, {""schoolName"": ""조선대학교"", ""majorName"": ""의예과""}, {""schoolName"": ""조선대학교"", ""majorName"": ""의학과""}, {""schoolName"": ""성균관대학교"", ""majorName"": ""의과대학""}, {""schoolName"": ""성균관대학교"", ""majorName"": ""의예과""}, {""schoolName"": ""성균관대학교"", ""majorName"": ""의학과""}, {""schoolName"": ""아주대학교"", ""majorName"": ""의학과(예과)""}, {""schoolName"": ""아주대학교"", ""majorName"": ""의학과(본과)""}, {""schoolName"": ""가톨릭관동대학교"", ""majorName"": ""의학과(의예과)""}, {""schoolName"": ""가톨릭관동대학교"", ""majorName"": ""의예과""}, {""schoolName"": ""가톨릭관동대학교"", ""majorName"": ""의학과""}, {""schoolName"": ""강원대학교"", ""majorName"": ""의예과""}, {""schoolName"": ""강원대학교"", ""majorName"": ""의학과""}, {""schoolName"": ""연세대학교 미래캠퍼스"", ""majorName"": ""의학과""}, {""schoolName"": ""연세대학교 미래캠퍼스"", ""majorName"": ""의예과""}, {""schoolName"": ""한림대학교"", ""majorName"": ""의예과""}, {""schoolName"": ""한림대학교"", ""majorName"": ""의학과""}, {""schoolName"": ""건국대학교 글로컬캠퍼스"", ""majorName"": ""의학과""}, {""schoolName"": ""건국대학교 글로컬캠퍼스"", ""majorName"": ""의예과""}, {""schoolName"": ""충북대학교"", ""majorName"": ""의예과""}, {""schoolName"": ""충북대학교"", ""majorName"": ""의학과""}, {""schoolName"": ""단국대학교"", ""majorName"": ""의예과""}, {""schoolName"": ""단국대학교"", ""majorName"": ""의학과""}, {""schoolName"": ""순천향대학교"", ""majorName"": ""의예과""}, {""schoolName"": ""순천향대학교"", ""majorName"": ""의학과""}, {""schoolName"": ""원광대학교"", ""majorName"": ""의예과""}, {""schoolName"": ""원광대학교"", ""majorName"": ""의학과""}, {""schoolName"": ""전북대학교"", ""majorName"": ""의예과""}, {""schoolName"": ""전북대학교"", ""majorName"": ""의학과""}, {""schoolName"": ""동국대학교 WISE캠퍼스"", ""majorName"": ""의학과""}, {""schoolName"": ""동국대학교 WISE캠퍼스"", ""majorName"": ""의예과""}, {""schoolName"": ""영남대학교"", ""majorName"": ""의예과""}, {""schoolName"": ""경상국립대학교"", ""majorName"": ""의학과""}, {""schoolName"": ""경상국립대학교"", ""majorName"": ""의예과""}, {""schoolName"": ""부산대학교"", ""majorName"": ""의예과""}, {""schoolName"": ""부산대학교"", ""majorName"": ""의학과""}, {""schoolName"": ""인제대학교"", ""majorName"": ""의예과""}, {""schoolName"": ""제주대학교"", ""majorName"": ""의학과""}, {""schoolName"": ""제주대학교"", ""majorName"": ""의예과""}]}"
"의용공학과는 전자기술을 이용한 첨단 의료장비의 개발 및 생산, 임상 장비의 운용, 의료기기의 정보처리, 의료장비의 전문적인 취급 분야에 진출할 수 있는 전문가 양성에 교육목표를 두고 있습니다. 의용공학은 광역 진로 시스템, 인공 장기 분야 등에 대한 연구를 가능하게 하며, 질병의 정확한 진단과 치료에 도움을 주기 위한 학문입니다.","의료 및 보건 분야, 공학, 생물학 물리학 등 자연과학에 관심이 있는 학생에게 적합합니다. 기계나 장비 등을 다루거나 정교한 것을 만들고 실험하며 조작하는 능력을 가지고 있는 사람이면 좋습니다.","의용공학은 국민의 의료복지향상을 위해 의학과 공학의 전문기술이 복합된 첨단기술 집약형으로 부가가치가 매우 높은 분야입니다. 의용공학은 정보화 시대의 도래와 함께 개인의 행복, 복지, 건강을 추구하는 사람들의 욕구가 증대됨에 따라 더욱 주목 받고 있습니다.","{""majorSeq"": ""414"", ""major"": ""의용공학과"", ""salary"": ""223.5"", ""employment"": ""60 이상"", ""job"": ""의료기기관리전문가, 의료기기시험ㆍ인증관리전문가, 의료영상및생체정보처리전문가"", ""qualifications"": ""의공기사, 의공산업기사"", ""universities"": [{""schoolName"": ""국립부경대학교"", ""majorName"": ""의공학전공""}, {""schoolName"": ""국립부경대학교"", ""majorName"": ""의공학IT융합전공""}, {""schoolName"": ""동명대학교"", ""majorName"": ""의료기기학과""}, {""schoolName"": ""동명대학교"", ""majorName"": ""의용공학과""}, {""schoolName"": ""가천대학교"", ""majorName"": ""의용생체공학과""}, {""schoolName"": ""건양대학교"", ""majorName"": ""의공학과""}, {""schoolName"": ""건양대학교"", ""majorName"": ""의공학부""}, {""schoolName"": ""건양대학교"", ""majorName"": ""의료신소재학과""}, {""schoolName"": ""대전대학교"", ""majorName"": ""디지털헬스케어학과""}, {""schoolName"": ""경북대학교"", ""majorName"": ""융합학부 의생명융합공학전공""}, {""schoolName"": ""계명대학교"", ""majorName"": ""의용공학과""}, {""schoolName"": ""울산대학교"", ""majorName"": ""의공학전공""}, {""schoolName"": ""가천대학교"", ""majorName"": ""첨단의료기기학과""}, {""schoolName"": ""가천대학교"", ""majorName"": ""의공학과""}, {""schoolName"": ""가천대학교"", ""majorName"": ""바이오의료기기학과""}, {""schoolName"": ""상지대학교"", ""majorName"": ""디지털헬스케어학과""}, {""schoolName"": ""연세대학교 미래캠퍼스"", ""majorName"": ""의료시스템공학전공""}, {""schoolName"": ""연세대학교 미래캠퍼스"", ""majorName"": ""의공학부""}, {""schoolName"": ""연세대학교 미래캠퍼스"", ""majorName"": ""의공학전공""}, {""schoolName"": ""한림대학교"", ""majorName"": ""의과학융합전공""}, {""schoolName"": ""건국대학교 글로컬캠퍼스"", ""majorName"": ""의학공학부""}, {""schoolName"": ""건국대학교 글로컬캠퍼스"", ""majorName"": ""의료정보공학전공""}, {""schoolName"": ""건국대학교 글로컬캠퍼스"", ""majorName"": ""의용메카트로닉스전공 트랙""}, {""schoolName"": ""건국대학교 글로컬캠퍼스"", ""majorName"": ""의용전자공학전공 트랙""}, {""schoolName"": ""건국대학교 글로컬캠퍼스"", ""majorName"": ""의학공학전공""}, {""schoolName"": ""국립한국교통대학교"", ""majorName"": ""바이오메디컬융합학과""}, {""schoolName"": ""중원대학교"", ""majorName"": ""의료기기산업학과""}, {""schoolName"": ""나사렛대학교"", ""majorName"": ""재활의료공학과""}, {""schoolName"": ""나사렛대학교"", ""majorName"": ""재활융합기술학과""}, {""schoolName"": ""순천향대학교"", ""majorName"": ""의공학과""}, {""schoolName"": ""전남대학교"", ""majorName"": ""헬스케어메디컬공학부""}, {""schoolName"": ""전남대학교"", ""majorName"": ""의공학과""}, {""schoolName"": ""경일대학교"", ""majorName"": ""의용공학과""}, {""schoolName"": ""대구가톨릭대학교"", ""majorName"": ""의공학과""}, {""schoolName"": ""대구한의대학교"", ""majorName"": ""재활의료공학과""}, {""schoolName"": ""대구한의대학교"", ""majorName"": ""재활의료공학전공""}, {""schoolName"": ""인제대학교"", ""majorName"": ""의용공학과""}, {""schoolName"": ""인제대학교"", ""majorName"": ""의공학부""}, {""schoolName"": ""인제대학교"", ""majorName"": ""의료ㆍ헬스케어IT공학과""}, {""schoolName"": ""인제대학교"", ""majorName"": ""의용공학부""}]}"
"병원에 가면 소변 검사와 혈액 검사를 통해 우리 몸에 병이 있는지를 진단합니다. 이렇게 소변 검사와 혈액 검사를 수행하는 사람이 임상병리사입니다. 임상병리과는 임상 병리 검사를 잘 수행할 수 있는 유능한 임상병리사를 키우고자 합니다. 임상병리학과에서는 환자의 혈액이나 체액, 소변, 조직 등을 화학, 생물학, 물리학, 유전학적인 방법으로 분석하는 것을 배웁니다.","실험이나 실습을 좋아하고 화학이나 생물, 물리 등의 교과목에 흥미가 있는 사람이면 좋습니다. 다양한 임상 병리 기계 및 화학 약품 등을 사용하여 공부하기 때문에 분석적 사고력이 필요하고, 미세한 세포와 조직 등을 검사하고 분별할 수 있어야 하므로 관찰력이 좋아야 합니다.","임상병리학은 현대 의학의 발전과 더불어 빠른 속도로 발전하고 있습니다. 임상병리학과는 인체에서 발생하는 각종 질병의 원인, 치료 과정 등을 과학적으로 분석하여 치료 및 예방에 도움을 줄 수 있으므로 현대 의학에서 중요한 역할을 수행하고 있습니다.","{""majorSeq"": ""440"", ""major"": ""임상병리학과"", ""salary"": ""220.2"", ""employment"": ""80 이상"", ""job"": ""보건교육사, 생명과학연구원, 임상병리사, 임상연구코디네이터"", ""qualifications"": ""임상병리사"", ""universities"": [{""schoolName"": ""동서대학교"", ""majorName"": ""임상병리학과""}, {""schoolName"": ""동의대학교"", ""majorName"": ""임상병리학과""}, {""schoolName"": ""부산가톨릭대학교"", ""majorName"": ""임상병리학과""}, {""schoolName"": ""건양대학교"", ""majorName"": ""임상병리학과""}, {""schoolName"": ""대전대학교"", ""majorName"": ""임상병리학과""}, {""schoolName"": ""호남대학교"", ""majorName"": ""임상병리학과""}, {""schoolName"": ""신한대학교"", ""majorName"": ""임상병리학과""}, {""schoolName"": ""을지대학교"", ""majorName"": ""임상병리학과""}, {""schoolName"": ""을지대학교"", ""majorName"": ""임상병리학과""}, {""schoolName"": ""가톨릭관동대학교"", ""majorName"": ""임상병리학과""}, {""schoolName"": ""경동대학교"", ""majorName"": ""임상병리학과""}, {""schoolName"": ""상지대학교"", ""majorName"": ""임상병리학과""}, {""schoolName"": ""연세대학교 미래캠퍼스"", ""majorName"": ""임상병리학과""}, {""schoolName"": ""극동대학교"", ""majorName"": ""임상병리학과""}, {""schoolName"": ""세명대학교"", ""majorName"": ""임상병리학과""}, {""schoolName"": ""중원대학교"", ""majorName"": ""임상병리학과""}, {""schoolName"": ""청주대학교"", ""majorName"": ""임상병리학과""}, {""schoolName"": ""건양대학교"", ""majorName"": ""임상의약학과""}, {""schoolName"": ""나사렛대학교"", ""majorName"": ""임상병리학과""}, {""schoolName"": ""남서울대학교"", ""majorName"": ""임상병리학과""}, {""schoolName"": ""단국대학교"", ""majorName"": ""임상병리학과""}, {""schoolName"": ""순천향대학교"", ""majorName"": ""임상병리학과""}, {""schoolName"": ""호서대학교"", ""majorName"": ""임상병리학과""}, {""schoolName"": ""경운대학교"", ""majorName"": ""임상병리학과""}, {""schoolName"": ""김천대학교"", ""majorName"": ""임상병리학과""}, {""schoolName"": ""대구한의대학교"", ""majorName"": ""임상병리학과""}, {""schoolName"": ""인제대학교"", ""majorName"": ""임상병리학과""}]}"
"작업치료학과는 다양한 치료활동을 이용하여 신체적, 인지적 손상, 정신적, 사회적 어려움이 있는 성인ㆍ아동들의 기능을 증진시켜 최대한 독립적으로 일상생활을 수행할 수 있도록 하고, 나아가 사회활동에 능동적으로 참여할 수 있도록 치료하고 교육하는 작업치료사를 양성하는 학과이며, 21세기 복지사회로 추구, 노인인구의 증대 등 여러 분야에서 전문 작업치료사의 필요성이 계속 증가되고 있습니다.","환자들의 상태에 따라 필요한 활동을 함께 결정하고 문제점을 파악하여야 하기 때문에 즐거운 마음으로 사람들을 도와주는 일에 관심이 있는 학생이면 좋습니다. 환자에 대한 이해와 순발력, 판단력을 가지고 있어야 하며, 대인관계를 원만하게 유지할 수 있는 능력이 필요합니다.","최근 산업재해, 교통사고, 노인인구 증가, 만성 성인질환의 급격한 증가로 인해 다양한 작업치료와 재활서비스를 필요로 하는 사람들이 점차 늘어가고 있습니다. 이에 전문적인 작업치료사에 대한 수요가 증가하여 작업치료학의 인지도가 점차 높아지고 있습니다.","{""majorSeq"": ""10021"", ""major"": ""작업치료학과"", ""salary"": ""201.2"", ""employment"": ""80 이상"", ""job"": ""작업치료사, 놀이치료사, 임상운동사"", ""qualifications"": ""작업치료사"", ""universities"": [{""schoolName"": ""고신대학교"", ""majorName"": ""작업치료학과""}, {""schoolName"": ""동명대학교"", ""majorName"": ""작업치료학과""}, {""schoolName"": ""동서대학교"", ""majorName"": ""작업치료학과""}, {""schoolName"": ""건양대학교"", ""majorName"": ""작업치료학과""}, {""schoolName"": ""우송대학교"", ""majorName"": ""작업치료학과""}, {""schoolName"": ""광주대학교"", ""majorName"": ""작업치료학과""}, {""schoolName"": ""광주여자대학교"", ""majorName"": ""작업치료학과""}, {""schoolName"": ""조선대학교"", ""majorName"": ""작업치료학과""}, {""schoolName"": ""호남대학교"", ""majorName"": ""작업치료학과""}, {""schoolName"": ""강원대학교"", ""majorName"": ""작업치료학과""}, {""schoolName"": ""경동대학교"", ""majorName"": ""작업치료학과""}, {""schoolName"": ""상지대학교"", ""majorName"": ""놀이심리치료학과""}, {""schoolName"": ""상지대학교"", ""majorName"": ""작업치료학과""}, {""schoolName"": ""연세대학교 미래캠퍼스"", ""majorName"": ""작업치료학과""}, {""schoolName"": ""극동대학교"", ""majorName"": ""작업치료학과""}, {""schoolName"": ""세명대학교"", ""majorName"": ""작업치료학과""}, {""schoolName"": ""중원대학교"", ""majorName"": ""작업치료학과""}, {""schoolName"": ""청주대학교"", ""majorName"": ""작업치료학과""}, {""schoolName"": ""백석대학교"", ""majorName"": ""작업치료학과""}, {""schoolName"": ""순천향대학교"", ""majorName"": ""작업치료학과""}, {""schoolName"": ""유원대학교"", ""majorName"": ""작업치료학과""}, {""schoolName"": ""한서대학교"", ""majorName"": ""작업치료학과""}, {""schoolName"": ""우석대학교"", ""majorName"": ""작업치료학과""}, {""schoolName"": ""원광대학교"", ""majorName"": ""작업치료학과""}, {""schoolName"": ""전주대학교"", ""majorName"": ""작업치료학과""}, {""schoolName"": ""호원대학교"", ""majorName"": ""작업치료학과""}, {""schoolName"": ""동신대학교"", ""majorName"": ""작업치료학과""}, {""schoolName"": ""세한대학교"", ""majorName"": ""작업치료학과""}, {""schoolName"": ""경운대학교"", ""majorName"": ""작업치료학과""}, {""schoolName"": ""김천대학교"", ""majorName"": ""작업치료학과""}, {""schoolName"": ""대구대학교"", ""majorName"": ""작업치료학과""}, {""schoolName"": ""대구사이버대학교"", ""majorName"": ""놀이치료학과""}, {""schoolName"": ""가야대학교"", ""majorName"": ""작업치료학과""}, {""schoolName"": ""경남대학교"", ""majorName"": ""작업치료학과""}, {""schoolName"": ""인제대학교"", ""majorName"": ""작업치료학과""}]}"
"각종 사고 증가로 신체적ㆍ정신적 장애를 겪고 있는 사람들이 늘어나면서 재활학에 대한 관심도 높아지고 있습니다. 재활학과는 장애인의 재활 복지를 위한 학문적 연구와 더불어 효율적인 재활 프로그램을 개발할 수 있는 인재를 키웁니다. 재활학과에서는 신체적ㆍ정신적으로 장애가 있는 사람에게 그들이 속해 있는 사회에 적응하여 더 나은 삶을 영위할 수 있도록 그들의 신체적, 심리ㆍ사회적, 교육적 및 직업적 능력을 회복시키는 하는 방법을 배웁니다.","사람들과 어울리기 좋아하고 친절하며 이해심이 많은 사람이면 좋습니다. 신체적 불편을 가진 사람들을 이해하고 배려해야 하므로 긍정적이고 밝은 성격을 소유한 학생이 적합하며, 정서적으로 다른 사람을 도와주고 싶어 하는 성향도 중요합니다.",신체적 불편을 가진 사람들의 복지에 대한 관심이 증가하고 있습니다. 이러한 사회적 분위기와 함께 재활학과에 대한 관심 역시 커지고 있습니다. 복지서비스가 전문화되면서 장애인의 재활을 전담하는 인력이 앞으로 늘어날 것으로 기대됩니다.,"{""majorSeq"": ""458"", ""major"": ""재활학과"", ""salary"": ""201.2"", ""employment"": ""80 이상"", ""job"": ""물리치료사, 작업치료사, 놀이치료사, 임상운동사, 특수학교교사"", ""qualifications"": ""물리치료사, 작업치료사, 특수교육교사"", ""universities"": [{""schoolName"": ""광운대학교"", ""majorName"": ""스포츠상담재활학과""}, {""schoolName"": ""성신여자대학교"", ""majorName"": ""운동재활복지학과""}, {""schoolName"": ""숭실사이버대학교"", ""majorName"": ""스포츠재활복지학과""}, {""schoolName"": ""한국열린사이버대학교"", ""majorName"": ""통합치유학과""}, {""schoolName"": ""경성대학교"", ""majorName"": ""건강재활전공""}, {""schoolName"": ""동명대학교"", ""majorName"": ""언어치료청각재활학과""}, {""schoolName"": ""동명대학교"", ""majorName"": ""선명상치유학과""}, {""schoolName"": ""부산디지털대학교"", ""majorName"": ""상담치료학부""}, {""schoolName"": ""부산외국어대학교"", ""majorName"": ""스포츠재활전공""}, {""schoolName"": ""가천대학교"", ""majorName"": ""운동재활학과""}, {""schoolName"": ""가천대학교"", ""majorName"": ""운동재활복지학과""}, {""schoolName"": ""건양사이버대학교"", ""majorName"": ""행동재활치료학과""}, {""schoolName"": ""우송대학교"", ""majorName"": ""언어치료·청각재활학과""}, {""schoolName"": ""광주대학교"", ""majorName"": ""언어재활상담학과""}, {""schoolName"": ""광주여자대학교"", ""majorName"": ""미래융합학부(언어재활전공)""}, {""schoolName"": ""송원대학교"", ""majorName"": ""재활보건학과""}, {""schoolName"": ""송원대학교"", ""majorName"": ""재활보건관리학과(자연)""}, {""schoolName"": ""가천대학교"", ""majorName"": ""운동재활학과""}, {""schoolName"": ""한경국립대학교"", ""majorName"": ""의료재활공학전공""}, {""schoolName"": ""한경국립대학교"", ""majorName"": ""재활복지학부""}, {""schoolName"": ""한신대학교"", ""majorName"": ""재활학과""}, {""schoolName"": ""한신대학교"", ""majorName"": ""재활학전공""}, {""schoolName"": ""한신대학교"", ""majorName"": ""재활상담학""}, {""schoolName"": ""가톨릭관동대학교"", ""majorName"": ""언어재활상담학과""}, {""schoolName"": ""가톨릭관동대학교"", ""majorName"": ""언어재활학과""}, {""schoolName"": ""가톨릭관동대학교"", ""majorName"": ""통합치유학과""}, {""schoolName"": ""연세대학교 미래캠퍼스"", ""majorName"": ""재활보건학전공""}, {""schoolName"": ""건양대학교"", ""majorName"": ""재활퍼스널트레이닝학과""}, {""schoolName"": ""나사렛대학교"", ""majorName"": ""인간재활학전공""}, {""schoolName"": ""나사렛대학교"", ""majorName"": ""스포츠재활전공""}, {""schoolName"": ""나사렛대학교"", ""majorName"": ""스포츠재활트랙""}, {""schoolName"": ""나사렛대학교"", ""majorName"": ""재활공학과""}, {""schoolName"": ""나사렛대학교"", ""majorName"": ""재활치료학부(특수체육학전공)""}, {""schoolName"": ""나사렛대학교"", ""majorName"": ""재활스포츠학부(특수체육학트랙,스포츠재활트랙)""}, {""schoolName"": ""나사렛대학교"", ""majorName"": ""휴먼재활학부(인간재활학전공,수어통역교육전공)""}, {""schoolName"": ""나사렛대학교"", ""majorName"": ""재활치료학부(언어치료학전공/심리재활학전공)""}, {""schoolName"": ""나사렛대학교"", ""majorName"": ""재활치료학부(특수체육학트랙,스포츠재활트랙)""}, {""schoolName"": ""나사렛대학교"", ""majorName"": ""심리재활학전공""}, {""schoolName"": ""단국대학교"", ""majorName"": ""운동처방재활학과""}, {""schoolName"": ""단국대학교"", ""majorName"": ""국제스포츠학부 운동처방재활전공""}, {""schoolName"": ""한서대학교"", ""majorName"": ""의료복지공학과""}, {""schoolName"": ""한서대학교"", ""majorName"": ""의료재활학과""}, {""schoolName"": ""우석대학교"", ""majorName"": ""재활학과""}, {""schoolName"": ""원광디지털대학교"", ""majorName"": ""태권도스포츠재활학과""}, {""schoolName"": ""전주대학교"", ""majorName"": ""재활학과""}, {""schoolName"": ""한일장신대학교"", ""majorName"": ""운동처방재활학과""}, {""schoolName"": ""세한대학교"", ""majorName"": ""디지털보건재활학과""}, {""schoolName"": ""경일대학교"", ""majorName"": ""스포츠재활의학과""}, {""schoolName"": ""김천대학교"", ""majorName"": ""건강재활서비스학과""}, {""schoolName"": ""대구가톨릭대학교"", ""majorName"": ""경북첨단산업융합전공(산림고령친화서비스)""}, {""schoolName"": ""대구대학교"", ""majorName"": ""재활건강증진학과""}, {""schoolName"": ""대구대학교"", ""majorName"": ""재활공학과""}, {""schoolName"": ""대구대학교"", ""majorName"": ""직업재활학과""}, {""schoolName"": ""대구대학교"", ""majorName"": ""재활심리학과""}, {""schoolName"": ""대구대학교"", ""majorName"": ""의료재활학과""}, {""schoolName"": ""대구대학교"", ""majorName"": ""재활과학대학""}, {""schoolName"": ""대구사이버대학교"", ""majorName"": ""행동치료학과""}, {""schoolName"": ""대구예술대학교"", ""majorName"": ""복지&심리상담전공""}, {""schoolName"": ""대구한의대학교"", ""majorName"": ""재활치료학부""}, {""schoolName"": ""대구한의대학교"", ""majorName"": ""미술심리치료전공""}, {""schoolName"": ""대구한의대학교"", ""majorName"": ""치유산업학과""}, {""schoolName"": ""대구한의대학교"", ""majorName"": ""노인재활치료학과""}, {""schoolName"": ""대구한의대학교"", ""majorName"": ""한방스포츠의학전공""}, {""schoolName"": ""대구한의대학교"", ""majorName"": ""재활치료학전공""}, {""schoolName"": ""대구한의대학교"", ""majorName"": ""한방스포츠의학과""}, {""schoolName"": ""가야대학교"", ""majorName"": ""스포츠재활복지학부""}, {""schoolName"": ""가야대학교"", ""majorName"": ""스포츠재활복지학과""}, {""schoolName"": ""영산대학교"", ""majorName"": ""실버재활학과""}]}"
치기공학과는 치과보철물 제작을 담당하는 치과기공사의 양성 및 관련 산업체에서 활동할 전문 과학자 양성을 교육목표로 하고 있습니다. 치기공학과에서는 잃어버린 치아를 대신할 보철물을 만들고 아름다운 치열을 위한 교정장치 등을 만드는 정교한 기술을 익힐 수 있도록 합니다.,"기구를 제작하거나 다루는 것에 흥미가 있으며, 환자들의 구강 건강에 대해 관심을 갖고 해결하고자 하는 봉사정신을 가진 학생이면 좋습니다. 관찰력이 좋고 손재주가 있으며 집중력과 지구력이 강한 학생에게 적합합니다.",오늘날 인구의 노령화와 경제 수준의 향상으로 양질의 의료에 대한 요구가 늘어나고 더불어 구강보건에 대한 관심이 높아지면서 치기공사의 역할이 중요해지고 있습니다. 최근 다양한 첨단 기술이 융합되면서 치기공학분야의 새로운 재료와 기기에 대한 산업의 발전이 기대됩니다.,"{""majorSeq"": ""10054"", ""major"": ""치기공학과"", ""salary"": ""223.5"", ""employment"": ""60 이상"", ""job"": ""의료장비기사, 치과기공사"", ""qualifications"": ""치과기공사"", ""universities"": [{""schoolName"": ""고려대학교"", ""majorName"": ""치기공학과""}, {""schoolName"": ""부산가톨릭대학교"", ""majorName"": ""치기공학과""}, {""schoolName"": ""호남대학교"", ""majorName"": ""치기공학과""}, {""schoolName"": ""신한대학교"", ""majorName"": ""치기공학과""}, {""schoolName"": ""경동대학교"", ""majorName"": ""치기공학과""}, {""schoolName"": ""김천대학교"", ""majorName"": ""치기공학과""}]}"
"치위생학과는 국민의 구강질환 예방과 구강 건강 증진을 위해 예방 치과 처치, 구강 보건 지도 및 교육, 지역사회 구강 보건 활동에 중점을 두어 공부하는 학과입니다. 치위생학과는 지역 주민과 구강질환을 가진 사람을 대상으로 구강병 예방과 구강건강 증진에 필요한 전문적 지식 교육과 현장 및 임상 실습을 통해 예방 치과 처치, 구강보건 교육, 구강위생 교육, 치과 의료관리 전문가로서 사회에 봉사하여 국민의 구강건강 증진에 이바지할 유능한 치과위생사를 양성하는 데 교육목표를 두고 있습니다.","인간과 자연을 사랑하는 마음과 생명과학에 흥미를 가지고 있으면 좋습니다. 좁은 구강 내를 주로 다루고, 치과 관련 기계나 도구를 사용하므로 손 기술이 정교하고 꼼꼼한 사람에게 적합합니다. 환자를 직접 대면하고, 의사와의 소통 또한 중요하므로 평소 대인관계능력이 뛰어난 사람이면 좋습니다.","고령화 사회의 문제로 치아건강에 대한 관심이 높아지면서 치위생학과는 유망한 학과로 주목받고 있습니다. 학교를 졸업한 후 치위생사로 치과에서 근무하는 경우가 많기 때문에, 치과위생사의 업무를 능숙하게 수행할 수 있는 기술적 역량뿐만 아니라 학문적 역량을 갖출 수 있도록 노력하는 자세가 필요합니다.","{""majorSeq"": ""10013"", ""major"": ""치위생학과"", ""salary"": ""207.8"", ""employment"": ""80 이상"", ""job"": ""공중보건연구원, 보건교육사, 보건직공무원, 의료코디네이터, 의약품영업원, 치과위생사"", ""qualifications"": ""보건교육사, 치위생사면허"", ""universities"": [{""schoolName"": ""동서대학교"", ""majorName"": ""치위생학과""}, {""schoolName"": ""동의대학교"", ""majorName"": ""치위생학과""}, {""schoolName"": ""신라대학교"", ""majorName"": ""치위생학과""}, {""schoolName"": ""영산대학교"", ""majorName"": ""치위생학과""}, {""schoolName"": ""가천대학교"", ""majorName"": ""치위생학과""}, {""schoolName"": ""건양대학교"", ""majorName"": ""치위생학과""}, {""schoolName"": ""광주여자대학교"", ""majorName"": ""치위생학과""}, {""schoolName"": ""송원대학교"", ""majorName"": ""치위생학과""}, {""schoolName"": ""호남대학교"", ""majorName"": ""치위생학과""}, {""schoolName"": ""신한대학교"", ""majorName"": ""치위생학과""}, {""schoolName"": ""을지대학교"", ""majorName"": ""치위생학과""}, {""schoolName"": ""가톨릭관동대학교"", ""majorName"": ""치위생학과""}, {""schoolName"": ""강원대학교"", ""majorName"": ""치위생학과""}, {""schoolName"": ""경동대학교"", ""majorName"": ""치위생학과""}, {""schoolName"": ""국립강릉원주대학교"", ""majorName"": ""치위생학과""}, {""schoolName"": ""연세대학교 미래캠퍼스"", ""majorName"": ""치위생학과""}, {""schoolName"": ""유원대학교"", ""majorName"": ""치위생학과""}, {""schoolName"": ""청주대학교"", ""majorName"": ""치위생학과""}, {""schoolName"": ""남서울대학교"", ""majorName"": ""치위생학과""}, {""schoolName"": ""단국대학교"", ""majorName"": ""치위생학과""}, {""schoolName"": ""백석대학교"", ""majorName"": ""치위생학과""}, {""schoolName"": ""선문대학교"", ""majorName"": ""치위생학과""}, {""schoolName"": ""한서대학교"", ""majorName"": ""치위생학과""}, {""schoolName"": ""호원대학교"", ""majorName"": ""치위생학과""}, {""schoolName"": ""초당대학교"", ""majorName"": ""치위생학과""}, {""schoolName"": ""경북대학교"", ""majorName"": ""치위생학과""}, {""schoolName"": ""경운대학교"", ""majorName"": ""치위생학과""}, {""schoolName"": ""김천대학교"", ""majorName"": ""치위생학과""}, {""schoolName"": ""신경주대학교"", ""majorName"": ""치위생학과""}]}"
"썩은 이빨을 치료하거나 고른 치아를 위해서 우리는 치과에 갑니다. 치과의사는 치의예과를 졸업해야 합니다. 치의예과는 치과의사로서의 사명감과 사회에 봉사하는 인생관을 지니고 국민의 구강 건강을 지키며 선진국 수준의 국제 감각을 지닌 치과의사를 키웁니다. 치의예과에서는 치아 및 구강 외에도 아래턱, 위턱, 얼굴과 관련된 질환과 장애, 기형 등에 대해 치료하고 예방하는 방법에 대해 공부합니다.","인간의 치아 구조나 아름다운 턱선 및 구강 구조를 만드는 데에 관심이 있으면 좋습니다. 좁은 구강 내를 치료하는 업무를 주로 하기 때문에 꼼꼼한 성격이 필요하고 정교한 손놀림도 있어야 하며, 각종 치과 장비를 많이 사용하므로 기계를 잘 다룰 수 있는 학생에게 적합합니다.","최근 4차 산업혁명으로 인공지능과의 협업을 통한 치과 업무에 대한 다양한 연구가 이루어지고 있습니다. 각종 데이터를 기반으로 AI가 환자의 치아 문제를 포착할 수 있으며, 자동으로 교정이나 양악수술 등 시술 후의 모습을 시뮬레이션해볼 수 있습니다. 이를 활용한 개개인의 치아 특성과 생활습관을 고려한 맞춤형 치료에 대한 관심이 높아지고 있습니다.","{""majorSeq"": ""564"", ""major"": ""치의예과"", ""salary"": ""207.8"", ""employment"": ""80 이상"", ""job"": ""생명과학연구원, 의료전문기자, 의학연구원, 치과의사"", ""qualifications"": ""치과의사면허"", ""universities"": [{""schoolName"": ""경희대학교"", ""majorName"": ""치의예과(자연계열)""}, {""schoolName"": ""경희대학교"", ""majorName"": ""치의학과""}, {""schoolName"": ""연세대학교"", ""majorName"": ""치의예과""}, {""schoolName"": ""연세대학교"", ""majorName"": ""치의학과""}, {""schoolName"": ""경북대학교"", ""majorName"": ""치의예과""}, {""schoolName"": ""경북대학교"", ""majorName"": ""치의학과""}, {""schoolName"": ""조선대학교"", ""majorName"": ""치의예과""}, {""schoolName"": ""조선대학교"", ""majorName"": ""치의학과""}, {""schoolName"": ""국립강릉원주대학교"", ""majorName"": ""치의예과""}, {""schoolName"": ""국립강릉원주대학교"", ""majorName"": ""치의학과""}, {""schoolName"": ""단국대학교"", ""majorName"": ""치의예과""}, {""schoolName"": ""단국대학교"", ""majorName"": ""치의학과""}, {""schoolName"": ""원광대학교"", ""majorName"": ""치의예과""}, {""schoolName"": ""원광대학교"", ""majorName"": ""치의학과""}, {""schoolName"": ""전북대학교"", ""majorName"": ""치의학과""}, {""schoolName"": ""전북대학교"", ""majorName"": ""치의예과""}]}"
"한약학은 21세기 생명과학분야Bio Technology의 중요성 증대와 함께 새로이 각광 받고 있는 분야입니다. 한약학과는 이러한 한약학을 학문의 중심에 두고, 전통과 첨단의 조화 속에서 독창성을 발휘할 수 있는 학문 체계를 추구하며 한약학에 대한 전문적인 원리와 지식을 습득한 한약사 및 한약 분야 전문인 양성을 교육목표로 두고 있습니다.","한약학은 생물학, 화학 등을 기초로 하는 학문이므로 자연과목에 흥미가 있는 학생에게 적합합니다. 다양한 종류의 약물에 대해 공부할 때 한문에 대해 많이 알고 있다면 도움이 됩니다. 실험 및 실습을 하면서 위험한 약품을 다루게 되므로 침착해야 하며 항상 주의할 수 있어야 합니다.",한약학은 전통약물인 한약에 대한 과학적 연구와 질병의 예방과 치료를 위한 학문입니다. 한약학 연구를 통해 동서약학이 만나 의약품의 새로운 지평이 열릴 것으로 기대됩니다. 세계적으로 천연물 유래 의약품에 대한 관심이 높아지고 있어 한방의약품과 천연물의약품 등 신약 개발이 활발하게 이루어질 것으로 예상됩니다.,"{""majorSeq"": ""618"", ""major"": ""한약학과"", ""salary"": ""399.6"", ""employment"": ""80 이상"", ""job"": ""약무직공무원, 한약사, 한약학연구원"", ""qualifications"": ""한약사면허"", ""universities"": [{""schoolName"": ""경희대학교"", ""majorName"": ""한약학과""}, {""schoolName"": ""우석대학교"", ""majorName"": ""한약학과""}, {""schoolName"": ""원광대학교"", ""majorName"": ""한약학과""}]}"
텔레비전 드라마에서 허준 선생님이 한약으로 사람을 고치는 것을 본 적이 있죠? 허준은 한의학의 아버지입니다. 한의예과는 한의학 지식과 진료 능력을 가지고 봉사정신과 사명감을 갖춘 유능한 한의사 및 한의학자를 키웁니다. 한의예과에서는 질병의 근본적인 원인을 알아내어 인체의 기능을 정상으로 회복시키기 위해 한약과 침술을 사용하는 방법에 대해 학습합니다.,"환자와의 상담만으로도 질병을 파악하는 한의학에서는 인체의 구조와 다양한 약재에 관심이 있으며, 사람과 대화를 좋아하고 인체 및 생명에 대한 호기심을 가진 사람이면 좋습니다. 한자로 기술된 한의학 전공 서적이 많기 때문에 한자에 대한 지식이 많으며, 인체 생리를 이해하기 위해 기본 과학을 잘 알고 있어야 합니다.","한의학은 5,000년 역사를 지닌 동양 고유의 학문이며, 모든 동양학 중 현재 유일하게 남아 있는 응용과학으로 역대 의학자들의 지식과 경험이 합쳐져 있습니다. 우리나라를 비롯하여 중국 및 일본 등 한자 문화권에서 연구되고 발전되어 온 학문으로 서양에서도 한의학에 대한 관심이 점차 증가하고 있습니다.","{""majorSeq"": ""619"", ""major"": ""한의예과"", ""salary"": ""376.3"", ""employment"": ""80 이상"", ""job"": ""대학교수, 한의사, 한의학연구원"", ""qualifications"": ""한의사면허"", ""universities"": [{""schoolName"": ""경희대학교"", ""majorName"": ""한의학과""}, {""schoolName"": ""경희대학교"", ""majorName"": ""한의예과(자연계열)""}, {""schoolName"": ""동의대학교"", ""majorName"": ""한의예과""}, {""schoolName"": ""동의대학교"", ""majorName"": ""한의학과""}, {""schoolName"": ""대전대학교"", ""majorName"": ""한의학과""}, {""schoolName"": ""대전대학교"", ""majorName"": ""한의예과""}, {""schoolName"": ""가천대학교"", ""majorName"": ""한의예과""}, {""schoolName"": ""가천대학교"", ""majorName"": ""한의학과""}, {""schoolName"": ""상지대학교"", ""majorName"": ""한의학과""}, {""schoolName"": ""상지대학교"", ""majorName"": ""한의예과""}, {""schoolName"": ""세명대학교"", ""majorName"": ""한의학과""}, {""schoolName"": ""세명대학교"", ""majorName"": ""한의예과""}, {""schoolName"": ""우석대학교"", ""majorName"": ""한의학과""}, {""schoolName"": ""우석대학교"", ""majorName"": ""한의예과""}, {""schoolName"": ""원광대학교"", ""majorName"": ""한의예과""}, {""schoolName"": ""원광대학교"", ""majorName"": ""한의학과""}, {""schoolName"": ""동신대학교"", ""majorName"": ""한의예과""}, {""schoolName"": ""동신대학교"", ""majorName"": ""한의학과""}, {""schoolName"": ""대구한의대학교"", ""majorName"": ""한의학과""}, {""schoolName"": ""대구한의대학교"", ""majorName"": ""한의예과""}, {""schoolName"": ""동국대학교 WISE캠퍼스"", ""majorName"": ""한의학과""}, {""schoolName"": ""동국대학교 WISE캠퍼스"", ""majorName"": ""한의예과""}]}"
"환경보건학은 인간을 중심으로, 주변 생활환경 및 산업 환경에서 유발될 수 있는 유해인자들을 찾아내어 이들에 대한 측정, 분석, 평가 및 관리에 대해 연구하는 학문입니다. 건강을 해치는 유해인자들을 파악함으로써 환경이 인간의 건강에 미치는 영향을 최소화하고 주변 환경과 조화를 이루며 건강하게 살아갈 수 있도록 합니다. 이를 위해 인간의 주위 환경과 조화를 이루며 건강하게 살아가도록 하는 데 필요한 전문 지식과 기술을 보유한 인재 양성에 교육목표를 두고 있습니다.","환경과 자연, 건강 등에 대해 관심을 가지고 있으며, 환경오염의 원인을 분석하거나 해결방법을 찾기 위한 분석 능력이 있으면 좋습니다. 화학, 물리학 등의 자연과학 분야를 포함하여 응용 범위가 넓기 때문에 환경학 전반에 대한 폭넓은 시야가 필요합니다.",날로 심각해지고 있는 생활환경 및 산업환경의 환경오염은 국민들의 건강과 생명을 위협하고 있습니다. 환경오염 실태 파악과 환경 관리에 대한 대책에 대한 연구가 지속적으로 이루어져야 하므로 환경보건학 분야의 전문가들이 필요한 실정입니다. 전 세계적으로 환경 보전과 사람들의 건강한 삶을 중시함에 따라 중요성이 대두되고 있는 분야 중 하나입니다.,"{""majorSeq"": ""658"", ""major"": ""환경보건학과"", ""salary"": ""220.2"", ""employment"": ""80 이상"", ""job"": ""대기환경기술자, 상수도기술자, 소음진동기술자, 수질환경연구원, 토양환경기술자, 환경위생검사원"", ""qualifications"": ""병원행정사, 보건교육사, 산업안전기사, 산업위생관리기사, 수질환경기사"", ""universities"": [{""schoolName"": ""건국대학교"", ""majorName"": ""환경보건과학과""}, {""schoolName"": ""고려대학교"", ""majorName"": ""환경보건학과""}, {""schoolName"": ""고신대학교"", ""majorName"": ""환경보건전공""}, {""schoolName"": ""부산가톨릭대학교"", ""majorName"": ""환경행정학과""}, {""schoolName"": ""용인대학교"", ""majorName"": ""산업환경보건학과""}, {""schoolName"": ""을지대학교"", ""majorName"": ""보건환경안전학과""}, {""schoolName"": ""건국대학교 글로컬캠퍼스"", ""majorName"": ""녹색환경시스템전공""}, {""schoolName"": ""순천향대학교"", ""majorName"": ""환경보건학과""}, {""schoolName"": ""전주대학교"", ""majorName"": ""환경보건학과""}, {""schoolName"": ""전주대학교"", ""majorName"": ""환경보건전공""}]}"
