majorSeq,major,salary,employment,summary,job,qualifications,interest,property,universities
10144,교양생활과학부,199.5,60 % 이상,"생활과학 분야는 생활과학 영역 내의 특정 전공학과에 대한 전문과정의 기초를 닦는 것을 목적으로 개설한 교과과정을 중심으로 두고 있습니다. 대학에 입학할 때 전공을 확정하기보다는 1학년 과정에 주로 인문과학, 사회과학, 자연과학 및 예체능의 각 계열에 속하는 과목을 균형 있게 편성한 일반 교양과목과 일부 전공기초 과목을 수강하고, 상위 학년으로 진급함에 따라 점차 개인의 흥미 혹은 적성을 고려한 전공 영역 과목을 수강함으로써 대학 3, 4학년 때 본인의 최종적인 전공을 확정하는 ‘학부제’를 적용하는 방식입니다.","자신의 관심 분야에 따라 식품영양학과, 의류･의상학과, 아동가족학과 등의 전공과 관련된 직업을 참고할 수 있습니다.","자신의 관심 분야에 따라 식품영양학과, 의류ㆍ의상학과, 아동가족학과 등의 전공과 관련된 자격증을 참고할 수 있습니다.","사람들의 실생활과 밀접한 연관을 지닌 의식주를 다루는 학과이기 때문에 기본적으로 사람들에 대한 관심을 지녀야 하며, 자신이 어느 분야에 흥미를 지니고 있는지 살펴볼 필요가 있습니다. 고학년에 진학하였을 때 식품영양, 의류, 아동가족학 등의 세부 전공을 선택해야 하고 실기와 연관된 부분이 많기 때문에 손재주를 갖추면 도움이 될 수 있습니다.","아동ㆍ가족, 가족자원관리ㆍ소비자, 식품ㆍ영양ㆍ단체급식, 패션디자인ㆍ패션비즈니스ㆍ의류과학에 관련된 기초이론과 전문지식을 교육함으로써 각 영역에서 필요로 하는 전문인 양성을 목표로 합니다.",한국방송통신대학교:생활과학부 | 연세대학교:생활과학계열 | 대구경북과학기술원:기초학부 | 울산대학교:생활과학부 | 울산대학교:생활과학계열 | 가톨릭대학교:생활과학계열 | 을지대학교:바이오공학부 | 한경국립대학교:웰니스산업융합학부 | 강원대학교:시스템면역과학전공 | 강원대학교:시스템면역과학과 | 국립목포대학교:아동・식품・패션학부 | 대구가톨릭대학교:라이프케어학부
10146,교양자연과학부,199.5,60 % 이상,교양자연과학 분야는 자연계열 내의 특정 전공학과에 대한 전문과정의 기초를 닦는 것을 목적으로 개설한 교과과정을 중심으로 두고 있습니다.,"세부 전공 선택에 따라 수학과, 물리학과, 화학학과, 생명과학과 등의 분야와 관련된 직업을 참고할 수 있습니다.","세부 전공 선택에 따라 수학과, 물리학과, 화학학과, 생명과학과 등의 분야와 관련된 자격증을 참고할 수 있습니다.",과학적 기본원리를 이해하고 창의력과 문제해결능력을 지닌 학생으로서 자연과학에 대해 관심과 소양을 지니고 있지만 뚜렷한 분야를 아직 정하지 못한 학생이라면 관심가질 수 있습니다.,"대학에 입학할 때 전공을 확정하기보다는 1학년 과정에 주로 인문과학, 사회과학, 자연과학 및 예체능의 각 계열에 속하는 과목을 균형 있게 편성한 일반 교양과목과 일부 전공기초 과목을 수강하고, 상위 학년으로 진급함에 따라 점차 개인의 흥미 혹은 적성을 고려한 전공 영역 과목을 수강함으로써 대학 3, 4학년 때 본인의 최종적인 전공을 확정하는 ‘학부제’를 적용하는 방식입니다.",경희대학교:약과학과 | 고려대학교:이과대학 | 광운대학교:교양학부(자연과학계열) | 덕성여자대학교:과학기술대학 | 동덕여자대학교:자연과학부 식품영양학전공 | 동덕여자대학교:자연과학부 | 동덕여자대학교:자연과학부 화장품학전공 | 동덕여자대학교:자연과학부 응용화학전공 | 동덕여자대학교:자연과학부 체육학전공 | 동덕여자대학교:자연과학부 보건관리학전공 | 상명대학교:계당교양교육원(자연) | 서울과학기술대학교:자연과학부 | 서울여자대학교:과학기술융합대학 | 세종대학교:자연생명계열 | 숙명여자대학교:융합학부 | 이화여자대학교:자연과학대학 | 이화여자대학교:신산업융합대학 | 중앙대학교:자연과학대학 | 한양대학교:창의융합교육원(자연과학) | 부산대학교:교양학부(자연과학계열) | 안양대학교:자연과학부 | 연세대학교:이학계열 | 인하대학교:자연과학계열 | 국립한밭대학교:기초과학부 | 한국과학기술원:새내기과정학부(자연계열) | 한남대학교:탈메이지교양・융합대학(자연과학계열) | 계명대학교:자연공학계열 | 울산과학기술원:자연과학부 | 울산대학교:과학기술융합계열 | 조선대학교:자연과학계열 | 호남대학교:융합학부 | 가톨릭대학교:자연과학계열 | 명지대학교 자연캠퍼스:자연과학대학 | 성결대학교:융합학부 | 성균관대학교:학부대학(자연과학) | 성균관대학교:자연과학계열 | 성균관대학교:자연과학대학 | 평택대학교:피어선칼리지(자연과학계열) | 한신대학교:이공계융합계열 | 한양대학교 ERICA캠퍼스:창의융합교육원(자연과학) | 강원대학교:자유전공학부(학생설계전공 자연과학계열) | 연세대학교 미래캠퍼스:자연과학부 | 한림대학교:산학협력특성화대학 | 건국대학교 글로컬캠퍼스:녹색기술융합학과 | 상명대학교:계당교양교육원(자연) | 국립군산대학교:첨단과학기술학부 | 원광대학교:자연융합학부 | 전북대학교:교양학부(자연과학계열) | 전주대학교:의과학계열 | 전주대학교:융합학부 | 전주대학교:기초과학과 | 국립목포대학교:기초과학부 | 대구대학교:과학생명융합대학 | 대구한의대학교:자연계열 성인통합모집단위 | 대구한의대학교:자연계열통합모집단위 | 동국대학교 WISE캠퍼스:교양학부(자연과학계열) | 동국대학교 WISE캠퍼스:이공계열 | 경남대학교:MSC교육부
104,농공학과,259.9,60 % 이상,"농공학은 전 국토의 모든 농촌공간을 탐구영역으로 하며, 농촌공간을 구성하는 다양한 요소 중 산업공간, 거주공간, 자연공간을 연구합니다. 농공학과에서는 농업의 생산성 향상을 위한 농업 생산기반 조성과 농촌 생활환경을 개선하는 데 필요한 농업시설물 설계 및 시공을 위한 인재를 양성합니다. 토질공학 및 농지 조성, 농업수자원 개발과 관리, 농촌 계획 및 농촌 환경공학 등을 위한 공학적 지식을 학습할 수 있습니다.","건설기계공학기술자, 기계공학기술자, 기술직공무원, 농기계검사원, 농기계수리원, 농기계운전원, 농업기술자, 농업환경생태연구원, 엔진조립원","농어업토목기술사, 농업기계기사, 유기농업기사, 종자기사","농업에 대한 관심과 애정을 지녀야 하며, 향후 직업인으로서 농촌에서 일할 기회가 많기 때문에 친화력, 의사소통 능력이 필요합니다. 공학적 지식과 기술의 응용이 필요한 분야임으로 기계를 다루는 손기술이나 관련 기초 소양이 있으면 도움이 됩니다.","학습 내용상 크게 농업토목과 농업기계 두 분류로 구분되며 최근에는 학교에 따라 전공을 세부적으로 구분하거나 또는 공학 관련 학과로 통합하여 운영하기도 합니다. 최근에는 농업토목공학, 지역시스템공학, 지역건설공학와 같은 다양한 명칭으로 개설되어 있는 경우가 많다는 점을 참고할 필요가 있습니다.","서울사이버대학교:AI스마트팜학과 | 서울여자대학교:스마트농업공학전공 | 한국방송통신대학교:농학과 | 화신사이버대학교:스마트팜농수산복지학과 | 경북대학교:농업토목.생물산업공학부(농업토목공학전공,생물산업기계공학전공) | 국제사이버대학교:웰빙귀농조경학과 | 국제사이버대학교:웰빙귀농학과 | 한경국립대학교:식물생명환경전공 | 강원대학교:미래농업융합학부 | 강원대학교:시설농업학전공 | 상지대학교:스마트팜학과 | 유원대학교:스마트팜학과 | 충북대학교:지역건설공학과 농촌관광개발전공 | 국립공주대학교:스마트팜공학과 | 남서울대학교:스마트팜학과 | 전북대학교:에코농산업벤처시스템학과 | 전북대학교:농업시스템학과 | 전북대학교:스마트팜학과 | 경일대학교:스마트농업학과 | 경일대학교:스마트농산업학부 | 대구가톨릭대학교:원예ㆍ식품학과 | 대구대학교:6차산업학과 | 경상국립대학교:스마트농산업학과 | 경상국립대학교:농학과 | 경상국립대학교:지역시스템공학과"
111,대기과학과,188.7,60 % 이상,대기과학은 지구와 다른 행성들의 대기에서 일어나는 현상들을 이해하고 응용하는 학문입니다. 대기과학과는 대기과학에 대한 기본적인 학문 내용을 교육ㆍ연구합니다. 또한 당면하고 있는 환경문제도 교육ㆍ연구함으로써 전문 지식과 자질을 갖춘 인재 양성에 교육목표를 두고 있습니다.,"기상연구원, 기상컨설턴트, 대기환경기술자, 운항관리사, 일기예보관, 환경공학기술자","기상기사, 대기환경기사","자연 현상에 관심을 지니고 대기 현상이 일어나는 원인을 파악하고자 하는 호기심을 지녀야 합니다. 대기오염이나 미세먼지 등과 같은 문제에 대한 개선 방안을 도출하기 위한 탐구 정신도 필요합니다. 전공 학습에 있어서 물리, 자연, 수학 관련 지식이 필요하기 때문에 관련 교과에 대한 역량과 적성이 있으면 도움이 됩니다.",최근 인간의 경제ㆍ사회 활동에서 기상의 중요성이 크게 인식되고 대기 오염이 날로 심각해지고 있기에 대기에 관한 연구의 필요성은 더욱 커지고 있습니다.,연세대학교:대기과학과 | 부산대학교:대기환경과학과 | 경북대학교:지구시스템과학부 천문대기과학전공 | 국립강릉원주대학교:대기환경과학과 | 국립공주대학교:대기과학과
126,동물자원학과,190.1,60 % 이상,"과학 분야가 눈부시게 발달함에 따라 사람들이 이용할 수 있는 자원의 종류가 다양해지고 있습니다. 동물자원학과에서는 동물자원의 가공, 생산에서 이용에 이르기까지의 모든 과정에 대해서 배웁니다. 동물자원학과는 이론과 실험을 바탕으로 이용할 수 있는 자원의 종류를 확대할 수 있는 동물자원 전문가를 양성합니다.","낙농및사육관련종사자, 농ㆍ축산직공무원, 동물레저관련직업, 동물자원과학연구원, 방역사, 야생동물연구사, 축산물등급판정사","가축인공수정사, 생물분류기사(동물), 인공수정사및수정란이식사, 자연생태복원기사, 축산기사, 축산기술사","평소에 동물에 관심을 가지고 있고 실험ㆍ실습에 흥미가 있다면 이 학과에 관심을 가져볼만 합니다. 동물을 자원으로 다루는 만큼 영농ㆍ축산업과 밀접한 관련이 있기 때문에 농촌에 대한 애정과 관심이 필요합니다. 생명과 관련된 전공이므로 화학, 생물과 같은 기초 과학 과목을 좋아하고 잘하면 좋습니다.","동물자원학과는 동물학, 화학, 경제학뿐만 아니라 동물생명공학, 동물환경공학, 동물사료공학, 생리활성 및 기능성 물질의 이용에 관한 지식을 배워 활용하기 때문에 다양한 분야에 응용되어 적용할 수 있습니다.",건국대학교:동물자원과학과 | 디지털서울문화예술대학교:반려동물학과 | 삼육대학교:동물생명자원학과 | 삼육대학교:동물자원과학과 | 신라대학교:반려동물학과 | 충남대학교:동물자원생명과학과 | 충남대학교:동물자원과학부 | 충남대학교:동물바이오시스템과학과 | 전남대학교:동물자원학부 | 호남대학교:반려동물산업학과 | 칼빈대학교:애완동물학과 | 한경국립대학교:동물응용과학전공 | 한경국립대학교:동물생명융합학부 | 강원대학교:동물생명과학대학 사료생산공학과 | 강원대학교:동물자원과학전공 | 강원대학교:동물자원과학과 | 강원대학교:동물산업융합학과 | 강원대학교:동물응용과학과 | 상지대학교:동물생명자원학부 동물생명공학전공 | 상지대학교:동물생명자원학부 | 상지대학교:동물자원학과 | 세명대학교:반려동물산업학과 | 국립공주대학교:동물자원학과 | 단국대학교:동물자원학과 | 단국대학교:생명자원학부 동물생명공학전공 | 중부대학교:애완동물자원학과 | 원광대학교:반려동물산업학과 | 전북대학교:동물자원과학과 | 국립순천대학교:동물생명산업학과 | 국립순천대학교:동물자원과학과 | 동신대학교:반려동물학과 | 대구대학교:동물자원학과 | 대구대학교:반려동물산업학과 | 경상국립대학교:동물생명융합학부 | 경상국립대학교:동물소재공학과 | 부산대학교:동물생명자원과학과
10120,말특수동물학과,222.3,80 % 이상,"말ㆍ특수동물학과는 특수동물의 번식, 질병, 영양, 습성 등에 대한 이론과 실습뿐 아니라, 관련 산업에 대해서도 배웁니다. 말ㆍ특수동물학과는 말과 반려동물, 야생동물 및 실험동물에 관한 전문가를 양성하는 곳입니다.","동물간호사, 동물사육사, 동물원관리자, 동물조련사, 실험동물사육원, 특수견훈련사","생물분류기사(동물), 인공수정사, 축산기사, 축산물등급사","평소에 말이나 반려동물, 야생동물 등에 관심이 있고, 동물들과 지내는 것에 흥미가 있다면 이 학과에 관심을 가져 볼 만합니다. 생물이나 화학 등 자연과학 분야에 재능이 있다면 학과 공부에 도움이 됩니다. 특히, 동물에 대한 친숙함과 친화력을 지니고 있다면 졸업 후 해당 분야 직업인으로서 생활하는 데 좋습니다.","사회가 고도화되면서 말 산업과 특수동물(반려동물,야생동물, 실험동물) 산업이 차세대 산업으로 부각되고 있습니다. 특수동물은 축산 농가의 고소득을 창출하는 등 새로운 동물자원으로 재평가되고 있으며 말ㆍ특수동물학과의 희소성도 긍정적으로 주목받을 전망입니다.",국립공주대학교:특수동물학과 | 경북대학교:말/특수동물학과
177,물리학과,193.4,60 % 이상,뉴턴은 사과나무에서 떨어지는 사과를 보고 엄청난 과학적 법칙을 발견했습니다. 물리학은 우리 주위에서 일어나는 모든 자연 현상들의 법칙을 연구하는 학문입니다. 물리학과는 물리적 현상을 첨단 과학기술 산업의 어느 분야에서나 쉽게 적용할 수 있는 인재를 키우는 곳입니다. 물리학과에서는 자연계에서 일어나는 현상들을 관찰과 실험을 통하여 간결한 법칙들로 설명하는 방법에 대해 학습합니다.,"물리학과교수, 인공위성개발원, 자연과학시험원","방사선비파괴검사기사, 방사선취급감독자면허, 변리사, 에너지관리기사, 원자력기사","자연 현상에 대해 끊임없는 호기심과 열정을 가진 사람이면 좋습니다. 물리계의 운동을 이해할 수 있는 논리적인 사고와 수리력이 필요하며, 눈에 보이지 않는 세계를 이해할 수 있는 창의적인 사고, 주위 현상에 대한 관찰력을 갖춘 학생에게 유리하며, 다양한 분야를 잘하기보다, 흥미 있어 하는 특정한 분야를 깊게 파고드는 성향의 학생에게 적합합니다.",물리학은 모든 자연 현상에서 나타나는 일들을 과학적으로 증명하고 법칙으로 설명할 수 있기 때문에 과학의 기본이라고 할 수 있습니다. 과학 기술의 혁신을 위하여 기초 과학과 응용 기술을 합치는 것이 중요해지면서 물리학의 중요성이 더욱 강조되고 있습니다.,건국대학교:물리학과 | 경희대학교:물리학과 | 고려대학교:물리학과 | 광운대학교:전자바이오물리학과 | 광운대학교:전자물리학과 | 국민대학교:나노전자물리학과 | 동국대학교:물리학전공 | 동국대학교:물리학과 | 서강대학교:물리학과 | 서울대학교:물리·천문학부(물리학전공) | 서울대학교:물리・천문학부 | 서울시립대학교:융합전공학부 물리학-나노반도체물리학 | 서울시립대학교:물리학과 | 세종대학교:물리천문학과 | 숙명여자대학교:응용물리전공 | 숭실대학교:물리학과 | 연세대학교:물리학과 | 이화여자대학교:물리학과 | 이화여자대학교:물리학전공 | 중앙대학교:물리학과 | 한양대학교:물리학과 | 경성대학교:에너지과학과 | 국립부경대학교:과학컴퓨팅학과 | 국립부경대학교:물리학과 | 동아대학교:신소재물리학과 | 부산대학교:물리학과 | 연세대학교:과학기술정책전공 | 인천대학교:물리학과 | 인하대학교:물리화학부 | 인하대학교:물리학과 | 충남대학교:물리학과 | 한국과학기술원:물리학과 | 경북대학교:물리학과 | 울산과학기술원:물리학과 | 울산대학교:물리학전공 | 광주과학기술원:물리・광과학과 | 전남대학교:물리학과 | 조선대학교:물리학과 | 가천대학교:나노물리학과 | 가천대학교:물리학과 | 가톨릭대학교:물리학과 | 경기대학교:전자물리학과 | 경희대학교:응용물리학과 | 명지대학교 자연캠퍼스:물리학과 | 성균관대학교:물리학과 | 성균관대학교:물리학전공 | 수원대학교:전자물리 | 아주대학교:물리학과 | 한국외국어대학교:전자물리학과 | 한양대학교 ERICA캠퍼스:응용물리학과 | 강원대학교:지구물리학전공 | 강원대학교:지구물리학과 | 강원대학교:반도체물리학과 | 강원대학교:물리학과 | 국립강릉원주대학교:물리학과 | 국립강릉원주대학교:수학물리학부(물리ㆍ에너지전공) | 상지대학교:반도체물리전자학과 | 연세대학교 미래캠퍼스:물리학전공 | 연세대학교 미래캠퍼스:물리및공학물리학전공 | 연세대학교 미래캠퍼스:응용과학부 | 한림대학교:응용광물리학과 | 극동대학교:과학기술학부 | 충북대학교:물리학과 | 국립공주대학교:물리학과 | 국립공주대학교:데이터정보물리학과 | 단국대학교:물리학과 | 순천향대학교:전자물리학과 | 국립군산대학교:물리학과 | 국립군산대학교:첨단과학기술학부(반도체물리전공) | 전북대학교:과학학과 | 전북대학교:물리학과 | 국립목포대학교:물리학과 | 국립경국대학교:물리학과 | 영남대학교:물리학과 | 포항공과대학교:물리학과 | 경상국립대학교:물리학과 | 국립창원대학교:물리학과 | 제주대학교:물리학과
21010,미생물학과,199.9,60 % 이상,"미생물학은 지구상의 모든 환경에 존재하는 세균, 균류, 조류, 원생동물, 바이러스 등의 미생물을 발굴하여 분류하고 미생물 내에서 일어나는 생명현상의 본질을 탐구합니다. 미생물학과는 미생물을 연구대상으로 하여 이러한 생명현상의 기초를 탐구하는 학과입니다.","생물학연구원, 바이오의약품연구원, 생명과학시험원, 생명정보학자","생물공학기사, 생물분류기사, 임상병리기사","미생물학을 전공하기 위해서는 생명현상에 큰 관심을 가져야 하며, 보이지 않는 작은 생명체의 비밀을 탐구하려고 하는 의지가 있어야 합니다. 미생물의 모양과 생물학적 특성을 조사하고 탐구하기 위해서는 신중하고 세심해야 하는 동시에 관찰을 즐기고 자료를 잘 정리하는 습관이 필요합니다.","지구상의 많은 종류의 미생물중에 지금까지 알려진 것은 1%에 불과하다고 합니다. 미생물은 인간의 생활과 많은 연관성이 있기 때문에 중요한 분야 중 하나이며, 아직도 개척해야 할 부분이 무궁무진하다고 볼 수 있습니다.",목원대학교:미생물소재학과 | 목원대학교:미생물나노소재학과 | 충남대학교:미생물・분자생명과학과 | 충북대학교:생명과학부 미생물학전공 | 단국대학교:의생명과학부 미생물학전공
245,산림자원학과,208.1,60 % 이상,자원은 한정적이기 때문에 자원을 확보하고 새로운 자원을 개발하는 것은 매우 중요합니다. 자원의 범위는 매우 방대하며 산림자원학과는 이 중 목재를 비롯한 임산물을 다루는 학과입니다. 산림자원학과는 산림 생물의 생리적 변화와 산림 생태계의 환경적 변화를 이해하고 친환경적 생물자원을 활용하는 방안을 다룹니다.,"산림경영지도원, 산림관리사, 산림기사, 산림기술자, 산림보호원, 산림연구원, 산림조사원, 산림치유지도사, 산림환경연구원, 숲해설사","산림기사, 생물분류기사, 숲길체험지도사, 유아숲지도사, 임업종묘기사, 자연생태복원기사, 종자기사","평소에 식물 및 에너지 등 자원에 대해 관심이 있거나, 실험ㆍ실습에도 흥미가 있다면 이 학과에 관심을 가져 볼 만합니다. 특히 기초 과학 분야에 능력이 있고 공학적인 마인드가 있다면 이 학과 공부에 도움이 됩니다. 자원에 대한 분석과 연구를 위해서는 실험ㆍ실습 능력이 필요합니다.","현대 사회에서 참살이(well-being)와 여가에 대한 관심이 높아진 만큼, 산림 자원이 주는 혜택을 지속 가능하게 유지하는 것은 중요한 문제가 되었습니다. 산림자원학과는 무궁무진한 자원을 지닌 산림에 대해 연구하고 보호ㆍ관리한다는 측면에서 우리 모두에게 중요한 기능을 하는 전공이라고 볼 수 있습니다.","동국대학교:산림자원학과 | 서울대학교:산림과학부 | 한국열린사이버대학교:자연숲치유산업학과 | 동아대학교:생명자원산업학과 | 동아대학교:에너지.자원공학과 | 충남대학교:산림환경자원학과 | 전남대학교:산림자원학과 | 전남대학교:산림자원학부 | 강원대학교:산림환경보호학과 | 강원대학교:목재과학전공 | 강원대학교:산림자원학과 | 강원대학교:에너지.자원공학과 | 강원대학교:산림경영학과 | 강원대학교:에너지・자원공학전공 | 강원대학교:산림소재공학전공 | 강원대학교:에너지.자원공학과 | 강원대학교:산림경영학전공 | 강원대학교:산림자원조성학전공 | 강원대학교:산림응용공학부 | 강원대학교:산림자원학전공 | 강원대학교:산림자원보호학전공 | 강원대학교:산림환경보호학전공 | 강원대학교:산림과학부 | 상지대학교:산림과학과 | 충북대학교:산림학과 | 충북대학교:목재・종이과학과 | 국립공주대학교:산림자원학과 | 국립공주대학교:산림과학과 | 전북대학교:자원・에너지공학과 | 전북대학교:목재응용과학과 | 국립목포대학교:원예산림학부 | 국립순천대학교:산림자원・조경학부(산림자원학전공) | 국립순천대학교:산림자원.조경학부 | 경북대학교:생태환경시스템학부(산림환경자원전공, 식물자원환경전공) | 국립경국대학교:산림과학과 | 대구대학교:산림자원학과 | 대구한의대학교:산림비즈니스학과 | 영남대학교:산림자원및조경학과 | 영남대학교:산림자원학과 | 경상국립대학교:산림환경자원학과 | 경상국립대학교:산림환경자원학전공 | 경상국립대학교:환경산림과학부 산림융복합학전공(야) | 경상국립대학교:환경산림과학부(통합대학) | 경상국립대학교:산림자원학과"
260,생명공학과,194.5,60 % 이상,"생명공학은 인체를 포함한 동물, 식물 그리고 미생물 등의 세포 내에서 수행되는 생명체 활동의 기본 현상과 원리를 규명하고, 이를 인간에게 유익하게 응용하는 학문입니다. 생명공학과는 이론과 실험을 통한 생명공학 분야의 기술과 응용력 향상을 목표로 하며, 생명공학기술의 핵심 역할을 수행할 과학기술자 양성을 위한 학과입니다.","생명과학연구원, 생물공학연구원","대기환경기사, 생물공학기사, 수질환경기사, 식품기사, 폐기물처리기사","어떤 현상에 대해 집중하여 깊이 파고들고 생물에 대한 호기심을 지닌 사람에게 적합합니다. 원리 탐구에 대한 끈기, 집중력과 성실성이 필요합니다. 생명을 직접적으로 다루는 학문이기 때문에 높은 수준의 윤리의식도 필요합니다.","생명체를 연구한다는 점에 있어서는 생물학, 생명과학과와 유사하지만, 생물학과 생명과학과가 기초과학에 보다 방점을 두고 생명 그 자체에 대해 연구하는 반면 생명공학과는 생명과학에서 얻은 지식을 응용하는 것에 초점이 있다는 점에 다소 차이가 있습니다.",건국대학교:의생명공학과 | 건국대학교:융합생명공학과 | 건국대학교:시스템생명공학과 | 건국대학교:분자생명공학전공 | 건국대학교:동물생명공학전공 | 고려대학교:생명공학부 | 고려대학교:생체의공학과 | 국민대학교:바이오의약전공 | 국민대학교:임산생명공학과 | 덕성여자대학교:바이오공학전공 | 덕성여자대학교:바이오공학과 | 상명대학교:생명화학공학부 생명공학전공 | 서경대학교:나노화학생명공학과 | 서경대학교:화학생명공학과 | 서울대학교:식품・동물생명공학부 | 서울여자대학교:생명환경공학전공 | 서울여자대학교:생명환경공학과 | 성신여자대학교:바이오신약의과학부 | 성신여자대학교:바이오생명공학과 | 세종대학교:식품생명공학전공/생명시스템학부 | 세종대학교:바이오산업자원공학전공 | 세종대학교:바이오융합공학전공/생명시스템학부 | 연세대학교:생명공학과 | 연세대학교:바이오생활공학전공 | 한양대학교:생명공학과 | 한양대학교:생체공학전공 | 한양대학교:바이오메디컬공학전공 | 고신대학교:의생명과학과 | 고신대학교:의생명과학전공 | 동서대학교:글로벌생명공학전공 | 동서대학교:생명화학공학과 | 동서대학교:생명화학공학전공 | 동서대학교:바이오제약공학과 | 동아대학교:생명공학과 | 동아대학교:바이오메디컬학과 | 동아대학교:의약생명공학과 | 동의대학교:바이오의약공학전공 | 동의대학교:바이오응용공학부 | 동의대학교:의생명공학과 | 동의대학교:의생명공학전공 | 연세대학교:바이오융합전공 | 인천대학교:생명공학전공 | 인천대학교:생명공학부 | 인하대학교:생명공학과 | 인하대학교:바이오제약공학과 | 인하대학교:생명화학공학부 | 청운대학교:화학생명공학과 | 국립한밭대학교:화학생명공학과 | 배재대학교:바이오・의생명공학과 | 배재대학교:헬스케어생명공학전공 | 배재대학교:생명공학과 | 배재대학교:바이오의약학부 | 한국과학기술원:생명화학공학과 | 한국과학기술원:바이오및뇌공학과 | 한남대학교:바이오제약공학과 | 경북대학교:생명과학부 생명공학전공 | 경북대학교:생명공학부 | 울산과학기술원:바이오메디컬공학과 | 울산대학교:의생명과학전공 | 전남대학교:지역 ・ 바이오시스템공학과 | 전남대학교:분자생명공학과 | 전남대학교:식물생명공학부 | 전남대학교:시스템생명공학전공 | 전남대학교:농식품생명공학부 | 조선대학교:의생명과학과 | 조선대학교:생명화학공학과 | 호남대학교:바이오융합학과 | 가톨릭대학교:의생명과학과 | 가톨릭대학교:생명공학과 | 가톨릭대학교:바이오융합공학계열 | 가톨릭대학교:바이오메디컬화학공학과 | 경기대학교:바이오융합학부 | 경희대학교:한방생명공학과 | 경희대학교:생체의공학과 | 대진대학교:의생명과학전공 | 대진대학교:바이오헬스케어학부 | 동국대학교:의생명공학과 | 성균관대학교:글로벌바이오메디컬공학과 | 성균관대학교:융합생명공학과 | 성균관대학교:생명공학대학 | 아주대학교:응용화학생명공학과 | 중앙대학교:시스템생명공학과 | 중앙대학교:생명공학대학 | 중앙대학교:생명자원공학부(동물생명공학전공) | 중앙대학교:생명자원공학부(식물시스템과학전공) | 중앙대학교:생명자원공학부(식물생명공학전공) | 중앙대학교:생명공학과 | 차의과학대학교:의생명과학과 | 차의과학대학교:바이오공학과 | 한경국립대학교:동물생명환경과학과 | 한경국립대학교:생명공학과 | 한경국립대학교:동물생명과학전공 | 한경국립대학교:생명공학부 | 한국공학대학교:생명화학공학과 | 한국외국어대학교:바이오메디컬공학전공 | 한국외국어대학교:생명공학과 | 한국외국어대학교:바이오메디컬공학부 | 한양대학교 ERICA캠퍼스:의약생명과학과 | 한양대학교 ERICA캠퍼스:분자생명과학과 | 협성대학교:의생명화학과 | 화성의과학대학교:의생명과학과 | 가톨릭관동대학교:바이오메디컬전공 | 가톨릭관동대학교:의생명과학과 | 강원대학교:바이오시스템공학전공 | 강원대학교:농생명산업학전공 | 강원대학교:바이오산업공학부 | 강원대학교:의생명공학전공 | 강원대학교:의생명공학과 | 강원대학교:동물식품・동물생명공학과군 | 강원대학교:바이오시스템공학과 | 강원대학교:동물생명공학과 | 강원대학교:동물생명공학전공 | 강원대학교:분자생명과학과 | 강원대학교:바이오기능성소재학과 | 국립강릉원주대학교:생명화학공학전공 | 국립강릉원주대학교:생명화학공학과 | 상지대학교:동물생명공학과 | 연세대학교 미래캠퍼스:바이오공학전공 | 한림대학교:환경생명공학과 | 한림대학교:바이오메디컬학과 | 건국대학교 글로컬캠퍼스:바이오메디컬공학과 | 건국대학교 글로컬캠퍼스:바이오의약학과 | 건국대학교 글로컬캠퍼스:바이오생명공학전공 | 건국대학교 글로컬캠퍼스:생명공학과 | 건국대학교 글로컬캠퍼스:생명공학전공 | 건국대학교 글로컬캠퍼스:바이오의약학전공 | 건국대학교 글로컬캠퍼스:의생명화학과 | 건국대학교 글로컬캠퍼스:친환경과학부 | 건국대학교 글로컬캠퍼스:의생명화학전공 | 건국대학교 글로컬캠퍼스:바이오융합과학부 | 국립한국교통대학교:생명공학전공 | 유원대학교:의약바이오학과 | 중원대학교:의약바이오학과 | 중원대학교:의생명과학과 | 청주대학교:바이오메디컬학과 | 청주대학교:바이오산업공학전공 | 청주대학교:바이오의약학과 | 충북대학교:응용생명공학부 | 충북대학교:바이오시스템공학과 | 건양대학교:의약바이오학과 | 건양대학교:의약바이오학부 | 단국대학교:의생명공학부 | 단국대학교:생명자원학부 식량생명공학전공 | 호서대학교:생명공학과 | 호서대학교:화장품생명공학부 | 호서대학교:생명공학전공 | 국립군산대학교:글로벌비즈니스학부(회계학전공) | 전북대학교:바이오메디컬공학부 | 전북대학교:생명공학부(생명자원소재공학전공) | 전북대학교:생명공학부 | 전북대학교:바이오메디컬공학부(헬스케어정보공학전공) | 전북대학교:동물생명공학과 | 전북대학교:바이오메디컬공학부(헬스케어기기공학전공) | 전북대학교:생명공학부(환경생명공학전공) | 국립목포해양대학교:환경생명공학과 | 국립순천대학교:의생명과학과 | 전남대학교:융합생명공학과 | 경북대학교:동물생명공학과 | 경운대학교:바이오메디컬전공 | 국립경국대학교:생명공학부 | 국립경국대학교:화학생명공학과 | 국립경국대학교:백신생명공학과 | 대구가톨릭대학교:생명공학과 | 대구가톨릭대학교:바이오메디컬학과 | 대구가톨릭대학교:의생명과학전공 | 대구가톨릭대학교:바이오메디컬전공 | 대구대학교:생명공학과 | 대구한의대학교:바이오산업융합학부 | 대구한의대학교:인체정화생명공학과 | 동국대학교 WISE캠퍼스:의생명공학과 | 동국대학교 WISE캠퍼스:바이오제약공학과 | 동국대학교 WISE캠퍼스:바이오제약공학전공 | 동국대학교 WISE캠퍼스:바이오학부 | 동국대학교 WISE캠퍼스:의생명공학전공 | 영남대학교:생명공학과 | 영남대학교:의생명공학과 | 경남대학교:생명공학전공 | 경남대학교:바이오융합학부 식품개발학전공 | 경상국립대학교:동물생명과학전공 | 부산대학교:의생명공학전공 | 부산대학교:의생명융합공학부 | 인제대학교:의생명공학과 | 인제대학교:바이오테크놀로지학부 | 인제대학교:의생명화학과 | 제주대학교:생명화학공학전공 | 제주대학교:생명공학부 | 제주대학교:바이오메디컬정보학과 | 제주대학교:분자생명공학전공 | 제주대학교:동물생명공학전공 | 고려대학교 세종캠퍼스:생명정보공학과
261,생명과학과,194.5,60 % 이상,"생명과학과는 지구상의 생명체를 연구 대상으로 하여 생명체의 구성 원리, 작동 원리, 생명 현상을 배우고 탐구하는 곳입니다. 생명과학 전반에 대한 기초지식과 이론을 학습하며 이를 응용할 수 있는 전문 인력 양성을 목표로 합니다.","바이오의약품연구원, 생명과학시험원, 생명정보학자, 생물학연구원","대기환경기사, 생물공학기사, 생물분류기사, 수질환경기사, 식품기사, 임상병리기사, 자연생태복원기사, 폐기물처리기사","평소에 생명체의 생명 현상에 대하여 관심이 있다면 이 학과에 관심을 가져 볼 만합니다. 생명 현상을 이해하기 위해서는 창의적인 문제 제기나 자기 주도적인 문제 해결 능력이 있다면 도움이 됩니다. 특히, 실험이나 연구의 원인을 꼼꼼히 분석하고 반복적인 실험을 계속하는 인내심을 가진 학생이라면 더욱 좋습니다.",생명과학과는 대체로 기존의 생물학과에서 발전된 경우가 많습니다. 따라서 기초 과학과 생물학에 깊게 기반하고 있습니다. 최근 생명 현상의 연구가 삶에 유익하고 산업에 이용 가능하게 되면서 생명과학의 중요성이 높아지고 있기 때문에 생명과학 분야는 미래성장 동력으로서 향후 발전 가능성이 높습니다.,"건국대학교:줄기세포재생공학과 | 건국대학교:생명과학특성학과 | 고려대학교:바이오시스템의과학부 | 고려대학교:생명과학대학 | 고려대학교:생명과학부 | 삼육대학교:화학생명과학과 | 삼육대학교:바이오융합공학과 | 상명대학교:생명과학과 | 서강대학교:생명과학과 | 서울대학교:생명과학부 | 서울대학교:바이오시스템・소재학부 | 서울시립대학교:첨단융합학부 융합바이오헬스전공 | 서울시립대학교:융합전공학부 생명과학-빅데이터분석학전공 | 서울시립대학교:융합전공학부 생명과학-통계학 전공 | 서울시립대학교:생명과학과 | 서울여자대학교:바이오인포매틱스전공 | 서울여자대학교:바이오헬스융합학과 | 서울여자대학교:화학생명환경과학부 | 성신여자대학교:생명과학・화학부 | 세종대학교:스마트생명산업융합학과 | 세종대학교:바이오융합공학과 | 세종대학교:생명시스템학부 | 숙명여자대학교:생명시스템학부 | 숭실대학교:의생명시스템학부 | 숭실사이버대학교:환경안전공학과 | 연세대학교:언더우드 생명과학공학전공 | 이화여자대학교:생명과학전공 | 이화여자대학교:뇌・인지과학부 | 이화여자대학교:화학생명분자과학부 | 중앙대학교:생명과학과 | 한양대학교:생명과학과 | 한양대학교:심리뇌과학전공 | 경성대학교:스마트바이오학과 | 경성대학교:생명과학전공 | 경성대학교:화학생명과학부 | 국립부경대학교:수산생명의학과 | 동아대학교:생명과학과 | 동의대학교:바이오의약공학과 | 부산대학교:생명과학과 | 신라대학교:생명과학과 | 가천대학교:바이오로직스학과 | 연세대학교:생명시스템계열 | 인천대학교:생명과학부 | 인천대학교:나노바이오전공 | 인천대학교:분자의생명전공 | 인천대학교:생명과학전공 | 인하대학교:생명과학과 | 대전대학교:생명과학과 | 대전대학교:생명과학전공 | 목원대학교:생명과학부 바이오헬스전공 | 목원대학교:생명과학부 | 목원대학교:의생명·보건학부 | 목원대학교:식품제약학부 제약전공 | 목원대학교:식품제약학부 | 목원대학교:생명과학과 | 목원대학교:생명과학부 의생명과학전공 | 배재대학교:생명보건계열 | 충남대학교:생명정보융합학과 | 충남대학교:미생물분자생명과학과 | 한국과학기술원:생명과학과 | 한남대학교:생명시스템과학과 | 경북대학교:응용생명과학부 식물생명과학전공 | 경북대학교:응용생명과학부 | 경북대학교:생명과학부 | 경북대학교:응용생명과학부(식물생명과학전공, 환경생명화학전공) | 계명대학교:생명과학전공 | 계명대학교:생명과학과 | 울산과학기술원:생명과학과 | 울산과학기술원:생명과학부 | 울산대학교:생명과학전공 | 울산대학교:생명과학부 | 광주과학기술원:생명과학부 | 전남대학교:생명과학전공 | 전남대학교:생명과학기술학부 | 조선대학교:생명과학과 | 가천대학교:바이오나노학과 | 가천대학교:생명과학과 | 가톨릭대학교:생명과학과 | 가톨릭대학교:생명과학전공 | 경기대학교:생명과학전공 | 경희대학교:생명과학 광역모집 | 동국대학교:생명과학과 | 명지대학교 자연캠퍼스:생명과학정보학과 | 명지대학교 자연캠퍼스:생명과학정보학부 | 성균관대학교:생명과학과 | 성균관대학교:생명과학전공 | 수원대학교:바이오공학및마케팅 | 수원대학교:바이오화학산업학부 | 수원대학교:바이오싸이언스 | 아주대학교:환경안전공학과 | 아주대학교:생명과학과 | 용인대학교:생명과학과 | 중앙대학교:생명자원공학부 | 차의과학대학교:생명과학부 | 한경국립대학교:응용생명공학전공 | 한경국립대학교:식물생명환경과학과 | 한양대학교 ERICA캠퍼스:생명나노공학과 | 협성대학교:생명과학과 | 화성의과학대학교:바이오헬스케어학과 | 화성의과학대학교:생명과학과 | 가톨릭관동대학교:바이오융합공학과 | 강원대학교:의생명소재공학과 | 강원대학교:동물생명시스템학과 | 강원대학교:생명과학과 | 강원대학교:동물생명시스템전공 | 강원대학교:분자생명과학전공 | 강원대학교:의생명융합학부 | 국립강릉원주대학교:수산생명의학과 | 국립강릉원주대학교:식물생명과학과 | 상지대학교:생명과학과 | 상지대학교:스마트팜생명과학과 | 연세대학교 미래캠퍼스:생명과학기술학전공 | 연세대학교 미래캠퍼스:생명과학전공 | 연세대학교 미래캠퍼스:생명과학기술학부 | 연세대학교 미래캠퍼스:응용생명과학전공 | 한림대학교:생명과학과 | 우석대학교:생명과학과 | 우석대학교:K-뷰티바이오비즈니스융합전공 | 중원대학교:식품제약학과 | 중원대학교:생명과학과 | 중원대학교:융합바이오학과 | 청주대학교:생명과학과 | 청주대학교:BT융합학부 | 충북대학교:생명과학과 | 충북대학교:바이오헬스학부 | 충북대학교:생명과학부 | 국립공주대학교:생물산업공학부 | 국립공주대학교:생명과학과 | 국립공주대학교:수산생명의학과 | 국립공주대학교:생물산업기계공학전공 | 단국대학교:의생명과학부 의생명시스템학전공 | 단국대학교:생명과학부 | 단국대학교:코스메디컬소재학과 | 단국대학교:의생명과학부 생명과학전공 | 단국대학교:생명과학과 | 선문대학교:수산생명의학과 | 순천향대학교:의료생명공학과 | 순천향대학교:생명시스템학과 | 순천향대학교:생명과학과 | 한서대학교:수산생명의학과 | 한서대학교:바이오식품의과학과 | 한서대학교:생명과학과 | 한서대학교:뷰티바이오산업학과 | 한서대학교:바이오식품과학과 | 국립군산대학교:생명과학과 | 국립군산대학교:수산생명의학과 | 원광대학교:생명환경학부 | 원광대학교:생명과학부 | 원광대학교:생명환경학과 | 전북대학교:생명과학부(생명과학전공) | 전북대학교:생명과학부 | 전북대학교:생명과학과 | 전북대학교:작물생명과학과 | 전북대학교:농생명과학과 | 전주대학교:농생명ICT학과 | 국립목포대학교:수산생명의학과 | 국립목포대학교:생명과학과 | 국립순천대학교:농생명과학과 | 전남대학교:수산생명의학과 | 경북대학교:환경안전공학과 | 국립경국대학교:생명과학과 | 국립금오공과대학교:화학생명과학과 | 대구가톨릭대학교:바이오메디대학 | 대구가톨릭대학교:생명화학전공 | 대구가톨릭대학교:생명화학부 | 대구대학교:생명환경학부 | 대구대학교:생명과학과 | 대구대학교:화학생명과학부(생명과학전공) | 대구한의대학교:화장품약리학전공 | 대구한의대학교:K-뷰티비즈니스학과 | 대구한의대학교:아로마약리학전공 | 동국대학교 WISE캠퍼스:생명신소재융합학부 | 영남대학교:생명과학과 | 포항공과대학교:생명과학과 | 한동대학교:생명과학부 | 경상국립대학교:생물산업기계공학전공 | 경상국립대학교:항노화신소재과학과 | 경상국립대학교:해양식품생명의학과 | 경상국립대학교:생명과학부 | 경상국립대학교:동물생명과학과 | 경상국립대학교:수산생명의학과 | 국립창원대학교:생명보건학부 | 부산대학교:식물생명과학과 | 인제대학교:생명과학부 | 제주대학교:수산생명의학과"
10048,생물산업기계공학과,194.5,60 % 이상,"생물산업기계공학은 농ㆍ임ㆍ축ㆍ수산물과 같은 생물자원 및 식품의 생산, 가공, 이용 과정에 공학적 원리와 기술을 적용하여 생산성과 부가가치를 높이기 위한 학문입니다. 생물산업기계공학과는 기계, 전기, 전자, 컴퓨터 등의 공학 기술을 바탕으로 하여 식량작물, 원예산물, 축산물, 임산물 등 인간생활에 필요한 농생물자원의 생산, 가공, 유통 및 관련 기계, 시스템의 개발을 다룹니다.","기술직공무원, 농업기계조립원, 농업기계화연구원","건설기계기사, 공기조화냉동기사, 농업기계기사, 비파괴검사기사, 산업안전기사, 소방기사, 열관리기사, 일반기계기사, 자동차관련기사, 정밀기계기사","평소 생물, 물리, 기계 ㆍ 기술 등의 과학 분야 과목을 좋아하며 농산물상품 제조 및 공정에 관심이 있으면 좋습니다. 또한 사물, 도구, 기계 및 동물들에 대한 명확하고 질서정연하며 체계적인 조작을 필요로 하는 활동들을 선호하는 학생에게 적합합니다. 복잡한 기계의 관찰과 수리에 적합한 강한 인내심과 꼼꼼함, 적응력과 자기통제능력 등을 필요로 합니다.",공학과 농ㆍ생물 자원을 함께 아우르는 학문 특성상 진출분야가 포괄적입니다. 기계 및 공학 분야 중에서도 농기계를 연구개발하는 내용을 다루는 고유의 학과 특성이 있다는 점을 이해하고 세부 학과 전공을 탐색할 필요가 있습니다.,경북대학교:스마트생물산업기계공학과 | 경북대학교:농업토목.생물산업공학부 생물산업기계공학전공 | 경북대학교:생물산업기계공학과 | 전북대학교:생물산업기계공학과 | 경상국립대학교:생물산업기계공학과
265,생물학과,199.9,60 % 이상,"유전자 분자 구조가 밝혀진 이래 현대 생물학은 눈부신 발전을 하였습니다. 생물학과는 세포학, 분류학, 발생학, 생리학 등을 기반으로 생명 현상을 탐구하며 그 원리에 대해서 자세히 공부합니다. 생물학과는 생물에 대한 기초 지식과 이론을 체계적으로 이해하고 자연 생태계와 생명 현상을 탐구하는 전문 인력을 기르는 곳입니다.","곤충학자, 기술직공무원, 나무의사(수목보호기술자), 유전공학연구원","대기환경기사, 생물공학기사, 생물분류기사(동물,식물), 수질환경기사, 식물보호기사, 자연생태복원기사, 종자기사","평소에 식물, 동물 및 인간의 생명 현상에 관심이 많다면 이 학과에 관심을 가져 볼 만합니다. 생명 현상을 단순히 받아들이기보다는 왜 그럴까’라는 의문을 갖고 밝혀내는 끈기있는 학생이라면 생물학과가 적합합니다. 특히 생물이나 화학과 같은 기초 과학 분야에 적성이 있다면 학과 공부에 도움이 됩니다.","최근 생물학과는 첨단 과학의 접근 방법을 사용하여생명 현상의 본질을 탐구합니다. 기본 생물학 교과외에도 분자생물학, 유전공학, 면역학 등 생명과학을 공부합니다. 특히, 최근 DNA 마이크로칩, 생명정보과학, 조직재생공학과 같은 의생명과학 분야나 생태환경과학 분야도 특성화되고 있습니다.",건국대학교:응용생물화학전공 | 건국대학교:생물공학과 | 경희대학교:생물학과 | 서울대학교:화학생물공학부 | 서울대학교:응용생물화학부 | 성신여자대학교:생물학과 | 연세대학교:시스템생물학과 | 국립부경대학교:미생물학과 | 국립부경대학교:생물공학과 | 동아대학교:응용생물공학과 | 부산대학교:미생물학과 | 부산대학교:분자생물학과 | 신라대학교:바이오산업학부 | 신라대학교:생물과학과 | 안양대학교:해양바이오공학과 | 인천대학교:생물학과 | 배재대학교:생물의약학과 | 충남대학교:응용생물학과 | 충남대학교:생물과학과 | 경북대학교:응용생명과학부 응용생물학전공 | 경북대학교:생명과학부 생물학전공 | 경북대학교:식물의학과 | 경북대학교:생물학과 | 전남대학교:응용생물학과 | 전남대학교:생물학과 | 전남대학교:생물공학과 | 강원대학교:응용생물전공 | 강원대학교:생물공학전공 | 강원대학교:생물산업공학전공 | 강원대학교:화학생물공학부 | 강원대학교:응용생물학전공 | 강원대학교:자원생물환경학과 | 강원대학교:생물학전공 | 강원대학교:생물공학과 | 국립강릉원주대학교:생물학과 | 연세대학교 미래캠퍼스:분자진단과학전공 | 중원대학교:바이오산업학부 | 충북대학교:생물학과 | 충북대학교:미생물학과 | 충북대학교:생명과학부 생물학전공 | 충북대학교:생명과학부 생물과학전공 | 충북대학교:식물의학과 | 단국대학교:분자생물학전공 | 단국대학교:분자생물학과 | 단국대학교:미생물학과 | 국립군산대학교:생물학과 | 국립군산대학교:해양생물공학과 | 전북대학교:분자생물학과 | 전북대학교:생명과학부(분자생물학전공) | 전북대학교:생물과학부(생물학전공) | 전북대학교:농생물학과 | 국립순천대학교:식물의학과 | 전남대학교:양식생물학과 | 경북대학교:곤충생명과학과 | 국립경국대학교:식물의학과 | 대구대학교:생명환경학부(바이오산업학전공) | 경상국립대학교:식물의학과 | 경상국립대학교:미생물학과 | 국립창원대학교:생물학화학융합학부 | 부산대학교:바이오소재과학과 | 제주대학교:생물학과
267,생화학과,199.9,60 % 이상,"생화학은 모든 생명체에서 진행되는 생명 현상을 분자 또는 원자 수준에서 연구하는 학문입니다. 생화학과에서는 생명 현상을 분자 수준에서 규명하는 분자생물학의 방법론이 거의 모든 생명과학의 영역에서 기본 도구로 사용됨에 따라 화학과 생물학의 경계는 더욱 엷어져 가고 있습니다. 생화학과는 DNA, 단백질, 지질 등 생명의 근본이 되는 유기자에 대한 정확한 이해를 가진 전문가 양성을 교육 목표로 합니다.","생화학자, 화학연구원",생물공학기사,"기본적으로 생물학, 화학 두 분야와 밀접한 연관이 있기 때문에 해당 과목들에 대한 관심이 필요합니다. 어떤 현상에 대해 반복적인 실험을 진행하고 결과를 기다려야 하기 때문에 끈기와 인내심이 필요합니다.","구조생물학, 유전체학, 단백체학, 면역학, 바이러스학 등 다양한 영역에서 일어나는 생화학적 반응을 연구하기 때문에 생명과학과 현대의학 분야의 발전에 많은 공헌을 했다고 평가되었으며, 앞으로도 많은 연구가 이루어질 분야로 보여집니다.",국민대학교:응용화학부 | 국민대학교:응용화학과 | 국민대학교:바이오발효융합학과 | 덕성여자대학교:Pre-Pharm Med학과 | 동덕여자대학교:응용화학전공 | 동덕여자대학교:응용화학과 | 연세대학교:생화학과 | 경성대학교:응용화학과 | 동의대학교:응용화학전공 | 동의대학교:응용화학과 | 대전대학교:응용화학과 | 배재대학교:정밀응용과학부 | 충남대학교:생화학과 | 경북대학교:응용화학공학부 응용화학전공 | 경북대학교:응용화학과 | 전남대학교:농생명화학과 | 경희대학교:응용화학과 | 강원대학교:생화학전공 | 강원대학교:화학ㆍ생화학부 | 강원대학교:생화학과 | 건국대학교 글로컬캠퍼스:응용화학과 | 세명대학교:화장품.뷰티생명공학부 | 청주대학교:응용화학과 | 충북대학교:생화학과 | 충북대학교:생명과학부 생화학전공 | 우석대학교:응용화학과 | 국립경국대학교:응용화학과 | 국립금오공과대학교:응용화학과 | 대구가톨릭대학교:응용화학전공 | 영남대학교:화학생화학과 | 영남대학교:화학생화학부 | 영남대학교:생화학전공
21014,수산학과,199.5,60 % 이상,"수산업이란 물 속에서 생산되는 자원인 수산물을 채취ㆍ양식ㆍ가공하는 것을 말하며 수산학과는 수산업에 대해 연구하는 학과입니다. 수산학과는 수산물, 해양자원의 개발, 보존, 관리, 이용에 관한 전문성 있는 인재를 양성하는 것을 목표로 합니다.","수산양식전문가, 수산업CEO, 수산질병관리사, 아쿠아리스트","수산물품질관리사, 수산양식기능사, 수산양식기사, 수산양식산업기사, 수산질병관리사, 어로산업기사, 어업생산관리기사",해저 환경과 수산물에 대한 호기심과 관심을 지니는 사람에게 추천할 만 합니다. 생물을 끊임없이 연구하는 자세가 필요하며 생명 과목에 대한 기초적인 소양이 필요합니다. 생물에 관한 실험과 실습을 진행하거나 직접 수산물을 다루는 것에 대한 거부감이 없으면 도움이 됩니다.,"우리나라는 삼면이 바다로 이루어져 있기 때문에 수산자원의 효율적인 이용이 중요하며 이에 지속적으로 관심을 받아온 학과입니다. 최근에는 수산생명, 해양생산과 같은 명칭으로 개설되어 있는 경우가 많으며 크게 수산생물의 치료 또는 가공으로 구분된다는 점을 참고하여 세부적인 학과정보를 탐색할 필요가 있습니다.",국립부경대학교:글로벌블루수산융합전공 | 국립부경대학교:양식응용생명과학전공 | 국립부경대학교:자원생물학전공 | 선문대학교:식품과학・수산생명의학부 | 선문대학교:식품・수산학부 | 국립군산대학교:해양수산공공인재학과 | 전남대학교:수산해양산업관광레저융합학과 | 전남대학교:스마트수산자원관리학과 | 경상국립대학교:양식생명과학과
296,수의학과,222.3,80 % 이상,"수의학과는 가축, 반려동물, 야생동물뿐 아니라 수생동물까지 모든 동물의 질병 예방과 치료에 대하여 배우는 곳입니다. 수의학과는 동물의 질병 예방과 치료를 담당하는 동물 의사를 기르지만, 궁극적으로는 인류와 동물의 건강과 복지를 위한 전문 수의사를 기르는 곳입니다.","가축연구원, 검역원, 동물사육사, 수의연구원","수의사, 축산기사","평소 동물을 돌보거나 치료하는 것에 흥미가 있다면 이 학과에 관심을 가져 볼 만합니다. 기초과학뿐 아니라 생물, 화학 등에 관한 적성이 있다면 학과 공부에 도움이 됩니다. 그리고 실험이나 연구에 소질이 있다면 동물 치료나 생명공학 연구를 하는 데에 도움이 됩니다.","최근 새로운 동물 유래 질병이 나타나고, 동물을 활용하여 인간에게 유익한 의약품 개발이나 첨단생명공학 연구 등이 이루어지고 있습니다. 따라서 수의학과의 위상과 역할도 확대되고 있으며, 단순한 동물 질병치료가 아니라 각종 생명공학 연구로 그 범위가 확대되고 있습니다.",건국대학교:수의학과 | 건국대학교:수의예과 | 서울대학교:수의학과 | 서울대학교:수의예과 | 서울디지털대학교:반려동물전공 | 경성대학교:동물보건생명과학과 | 동명대학교:반려동물산업학부 | 동명대학교:애견미용ㆍ행동교정학과 | 동명대학교:반려동물보건학과 | 건양사이버대학교:반려동물관리학과 | 우송대학교:동물의료관리학과 | 충남대학교:수의학과 | 충남대학교:수의예과 | 경북대학교:수의학과 | 경북대학교:수의예과 | 광주여자대학교:미래융합학부(반려동물복지학과) | 광주여자대학교:반려동물보건학과 | 전남대학교:수의학과 | 전남대학교:수의예과 | 가톨릭관동대학교:반려동물학전공 | 강원대학교:수의예과 | 강원대학교:수의학과 | 세명대학교:동물보건학과 | 세명대학교:동물바이오헬스학과 | 청주대학교:동물보건복지학과 | 충북대학교:수의학과 | 충북대학교:수의예과 | 세한대학교:반려동물관리학과 | 중부대학교:동물보건학과 | 중부대학교:동물행동복지학전공 | 중부대학교:반려동물학부 | 호서대학교:동물보건복지학과 | 원광대학교:동물보건학과 | 전북대학교:수의예과 | 전북대학교:수의학과 | 전주대학교:반려동식물학과 | 대구가톨릭대학교:반려동물보건학과 | 대구한의대학교:반려동물보건학과 | 경상국립대학교:수의학과 | 경상국립대학교:수의예과 | 인제대학교:반려동물보건학과 | 제주대학교:수의학과 | 제주대학교:수의예과
298,수학과,204.7,60 % 이상,이 세상의 모든 과학적 발견이 수학과 관련된다는 사실을 알고 있나요? 수학은 여러 자연현상이나 사회현상을 설명하고 분석하는 데 기초가 되는 학문입니다. 수학과에서는 현대 기술사회의 복합적인 문제들을 수학적 사고 방법으로 해결할 수 있는 유능한 인력을 키우는 데에 교육목표를 두고 있습니다. 수학과는 수학적 창의성과 사고 능력에 대해 공부하는 곳입니다.,"금융자산운용가, 보험관리자, 보험사무원, 보험인수심사원, 수학과교수, 수학교사, 인공위성개발원, 자연과학시험원","보험계리사, 사회조사분석사, 손해사정사","문제의 해답을 얻는 것보다 이를 해결하고 증명해 나가는 과정을 중요하게 여기고, 또 이러한 문제 해결과정을 재미있게 느끼는 사람이면 좋습니다. 논리적인 사고와 분석력, 추리력을 갖추고 있어야 하며, 현대수학은 컴퓨터 활용이 많기 때문에 컴퓨터 활용 능력을 갖추면 공부에 많은 도움이 됩니다.","수학은 많은 현상을 설명하고 예측 가능하게 하기때문에 모든 과학 분야에서 필수적으로 이용됩니다. 수학적 사고력을 바탕으로 한 응용 수학은 컴퓨터, 최첨단 기술, 생명공학 등의 발전과 더불어 자연과학, 공학, 인문과학, 사회과학, 생명공학, 금융공학 등 다양한 분야에 광범위하게 응용되고 있습니다.",건국대학교:수학과 | 경희대학교:수학과 | 고려대학교:수학과 | 광운대학교:수학과 | 국민대학교:정보보안암호수학과 | 국민대학교:수학과 | 덕성여자대학교:수학전공 | 덕성여자대학교:수학과 | 동국대학교:수학과 | 서강대학교:수학과 | 서경대학교:금융정보공학과(이공대학) | 서울대학교:수리과학부 | 서울시립대학교:수학과 | 서울여자대학교:수학과 | 성신여자대학교:수학과 | 세종대학교:수학전공 | 숙명여자대학교:수학과 | 숭실대학교:수학과 | 연세대학교:수학과 | 이화여자대학교:수학전공 | 이화여자대학교:수학과 | 중앙대학교:수학과 | 한양대학교:수학과 | 경성대학교:AI수리학과 | 경성대학교:응용수학과 | 국립부경대학교:응용수학과 | 동아대학교:수학과 | 동아대학교:정보수학과 | 부산대학교:수학과 | 인천대학교:수학과 | 인하대학교:수학과 | 목원대학교:수학과 | 배재대학교:컴퓨터수학과 | 충남대학교:수학과 | 한국과학기술원:수리과학과 | 한남대학교:수학과 | 경북대학교:수학과 | 계명대학교:수학과 | 계명대학교:수학전공 | 울산과학기술원:수리과학과 | 울산대학교:수학전공 | 울산대학교:데이터응용수학전공 | 전남대학교:수학과 | 조선대학교:수학과 | 조선대학교:융합수리과학부 | 가천대학교:금융수학과 | 가톨릭대학교:수학과 | 가톨릭대학교:수학전공 | 경기대학교:수학과 | 경희대학교:응용수학과 | 대진대학교:수학과 | 명지대학교 자연캠퍼스:수학과 | 성균관대학교:수학과 | 아주대학교:수학과 | 한경국립대학교:응용수학전공 | 한경국립대학교:응용수학과 | 한국외국어대학교:수학과 | 한신대학교:수리금융학과 | 한신대학교:수학과 | 한양대학교 ERICA캠퍼스:수리데이터사이언스학과 | 한양대학교 ERICA캠퍼스:응용수학과 | 강원대학교:수학전공 | 강원대학교:수학과 | 국립강릉원주대학교:수학과 | 국립강릉원주대학교:수학물리학부(수학전공) | 국립강릉원주대학교:수학물리학부 | 연세대학교 미래캠퍼스:수학전공 | 충북대학교:수학ㆍ정보통계학부 | 충북대학교:수학과 | 충북대학교:수학・정보통계학부 수학전공 | 국립공주대학교:응용수학과 | 단국대학교:수학과 | 순천향대학교:수학과 | 한서대학교:수학과 | 국립군산대학교:수학과 | 원광대학교:수학ㆍ정보통계학부 | 원광대학교:응용수학부 | 전북대학교:수학과 | 국립금오공과대학교:응용수학과 | 국립금오공과대학교:수리빅데이터학과 | 대구가톨릭대학교:수리정보과학과 | 대구대학교:수리빅데이터학부(수학・산업수학전공) | 영남대학교:수학과 | 포항공과대학교:수학과 | 경상국립대학교:수학과 | 국립창원대학교:수학과 | 인제대학교:응용수학과 | 제주대학교:수학과 | 고려대학교 세종캠퍼스:데이터계산과학전공 | 고려대학교 세종캠퍼스:응용수리과학부 | 고려대학교 세종캠퍼스:수학과 | 고려대학교 세종캠퍼스:정보수학과
21016,식량자원학과,190.1,60 % 이상,"식량자원학과는 곡물을 주로 하는 식량작물은 물론 채소과 과실, 산업용 재료인 특용작물, 약용작물, 가축의 먹이가 되는 사료작물, 그 밖에도 먹을거리로 이용되는 모든 식물과 그 생산물을 대상으로 생명공학 기술을 적용하는 학문입니다.","농업기술자, 변리사, 기후변화전문가, 농업과학연구원, 농업직공무원, 바이오의약품연구원, 생명공학자, 생물분자유전연구원","농림토양평가관리기사, 농산식품가공기사, 농화학기사, 생물공학기사, 시설원예기사, 식물보호기사, 유기농업기사, 종자기사","자연과 생명을 중시하는 소양을 갖추고 성실한 자세로 꾸준히 노력하며 지식을 습득하려는 자세가 필요합니다. 생명과학과 관련된 분야이기 때문에 기본적으로 생물, 자연 과목에 소양이 있으면 도움이 됩니다.","과거의 식량생산업은 영세한 1차 산업으로 여겨졌으나 이제는 고도의 생명과학 및 정보과학기술이 투입되는 첨단종합산업, 건강산업으로 발전해가는 추세를 보입니다. 고품질의 먹을거리를 안정적으로 생산ㆍ공급ㆍ이용하기 위해 유전학 및 생리생화학 지식을 활용한 연구와 실험을 진행합니다.",건국대학교:생명자원환경과학부 | 건국대학교:식량자원과학과 | 강원대학교:생물자원과학부 | 강원대학교:자원공학과 | 단국대학교:식량생명공학과 | 단국대학교:생명자원학부 | 전북대학교:생명자원융합학과 | 국립목포대학교:식의약자원개발학과
450,식물자원학과,190.1,60 % 이상,"식물자원학과는 인간이 필요로 하는 다양한 식물자원을 원활하게 공급하는 것과 관련된 학문을 다룹니다. 식물자원학과에서는 지구의 환경을 파괴하지 않으면서 식물자원의 생산성을 유지하여 인류의 생존에 필요한 만큼을 지속적으로 공급하기 위한 연구를 수행할 수 있습니다. 또한 각종 식물 유전자원, 즉 산채, 약용, 특용, 관상, 균이, 환경자원 식물 등의 탐색, 연구, 개발 및 보존 분야를 다룹니다.","곡식작물재배자, 과수작물재배자, 원예기술자, 채소및특용작물재배자","농산물품질관리사, 식물보호기사, 유기농업기사, 종자기사","자연과 환경을 사랑하는 마음과 관심이 필요합니다. 나무를 비롯한 산림 자원과 풀, 꽃, 채소 등 다양한 식물의 생리를 이해해야 하기 때문에 화학이나 물리, 생물 등 기초과학에 소질이 있으면 도움이 됩니다. 다양한 식물을 관찰하고 자료를 조사하는 능력과 연구를 꼼꼼하게 진행하고 결과를 정확하게 정리하는 능력, 효율성을 도모할 수 있는 아이디어를 지닌 응용력이 필요합니다.","자연을 보호하면서도 자원을 효율적으로 이용하는 것에 대한 관심이 높아지고 있고, 안전한 먹을거리를 얻는 일이 중요해지고 있어 이를 연구하는 식물자원학은 지속적으로 주목받고 있습니다.",서울대학교:식물생산과학부 | 한양대학교:자원환경공학과 | 충남대학교:식물자원학과 | 전남대학교:응용식물학과 | 한경국립대학교:식물자원조경학부 | 강원대학교:식물자원응용과학전공 | 강원대학교:식물자원응용공학과 | 강원대학교:식물자원응용공학전공 | 강원대학교:식물자원학전공 | 강원대학교:식물의학전공 | 상지대학교:친환경식물학부 | 연세대학교 미래캠퍼스:생물자원공학전공 | 충북대학교:식물자원학과 | 충북대학교:특용식물학과 | 충북대학교:응용생명공학부 식물의학전공 | 충북대학교:식물자원환경화학부 식물자원학전공 | 국립공주대학교:식물자원학과 | 국립공주대학교:식물자원학과(야간) | 국립순천대학교:웰빙자원학과 | 경북대학교:식물자원학과 | 경상국립대학교:농업식물과학과 | 제주대학교:식물자원환경전공
314,식품공학과,190.1,60 % 이상,"식품공학은 생물, 화학, 물리 등을 기초로 한 응용과학의 하나입니다. 식품의 효율적인 생산기술, 제품개발, 가공, 품질관리, 식품위생, 발효공정, 생물공학적 기법 등 식품생산에 관련된 기술개발 및 제조장비 등에 관한 기계적 기술론에 대해 연구합니다. 식품공학과는 오늘날의 사회가 요구하는 다양한 식품개발에 필요한 학문을 중심으로 하고 식품의 저장, 유통, 마케팅 등 식품과 관련된 폭넓은 학문과 기술에 대한 전문가 양성에 교육목표를 두고 있습니다.","식품공학기술자, 영양사","복어조리기능사, 생물공학기사, 식품가공기능사, 식품기사, 식품산업기사, 양식조리기능사, 영양사, 위생사, 일식조리기능사, 중식조리기능사, 한식조리기능사","식품공학은 화학과 생화학, 생물학(특히 미생물학) 등 자연과학을 바탕으로 한 공학분야로서 무엇보다도 사물현상에 대한 관찰과 실험을 근간으로 하고 있습니다. 평소 과학적이고 합리적인 사고를 하며 자신이 설정한 목표를 향해 꾸준히 매진하는 성격이라면 도움이 됩니다. 또한 먹을거리를 다루는 학문인 만큼 국민건강을 위해 반드시 위생적이고 안전한 식품을 공급한다는 윤리의식을 갖추어야 합니다.","먹을거리에 대한 관심은 예나 지금이나 항상 사람들의 주요 관심사이며, 인류의 생활에 필수적인 부분입니다. 때문에 식품을 연구하고 활용하는 식품공학과는 계속적으로 발전해 가고, 수요가 지속될 것입니다. 식품공학과는 식품을 효율적이고 과학적으로 생산하는 방법을 배우는 데 중점이 있습니다.",고려대학교:식품공학과 | 서울과학기술대학교:식품생명공학과 | 서울과학기술대학교:식품공학과 | 서울여자대학교:식품공학전공 | 서울여자대학교:식품공학과 | 성신여자대학교:바이오식품공학과 | 세종대학교:식품공학전공/생명시스템학부 | 세종대학교:식품공학전공 | 이화여자대학교:식품공학전공 | 이화여자대학교:식품생명공학전공 | 이화여자대학교:식품생명공학과 | 경성대학교:식품생명공학과 | 국립부경대학교:식품과학부 | 국립부경대학교:식품공학전공 | 동아대학교:식품생명공학과 | 동의대학교:식품공학전공 | 동의대학교:식품공학과 | 신라대학교:바이오식품공학과 | 신라대학교:식품공학전공 | 충남대학교:식품공학과 | 경북대학교:식품공학부식품응용공학전공 | 경북대학교:식품공학부 | 경북대학교:식품공학부식품소재공학전공 | 경북대학교:식품공학부식품생물공학전공 | 계명대학교:식품가공학전공 | 광주대학교:식품생명공학과 | 전남대학교:식품공학과 | 가천대학교:식품생명공학과 | 가천대학교:식품생물공학과 | 경기대학교:식품생물공학전공 | 경희대학교:식품생명공학과 | 동국대학교:식품생명공학과 | 성균관대학교:식품생명공학과 | 중앙대학교:식품공학부(식품공학전공) | 중앙대학교:식품공학부 | 차의과학대학교:식품생명공학과 | 한경국립대학교:식품생명공학전공 | 한경국립대학교:식품생명화학공학부 | 한경국립대학교:식품생물공학과 | 강원대학교:식품생명공학과 | 강원대학교:식품생명공학전공 | 건국대학교 글로컬캠퍼스:식품생명과학부 | 국립한국교통대학교:식품생명학부 | 국립한국교통대학교:식품공학전공 | 서원대학교:식품공학과 | 충북대학교:식품생명공학과 | 충북대학교:식품생명·축산과학부 식품생명공학전공 | 국립공주대학교:식품과학부 | 국립공주대학교:식품공학과 | 단국대학교:식품공학과 | 상명대학교:식품공학과 | 상명대학교:식물식품공학과 | 선문대학교:식품과학부 | 한서대학교:식품생물공학과 | 한서대학교:식품공학과 | 호서대학교:식품공학전공 | 호서대학교:식품공학과 | 국립군산대학교:식품생명과학부(식품생명공학전공) | 국립군산대학교:식품생명과학부 | 우석대학교:식품생명공학과 | 원광대학교:식품생명공학과 | 전북대학교:식품공학과 | 전주대학교:바이오기능성식품학과 | 국립목포대학교:식품공학과 | 국립목포대학교:식품ㆍ제약공학부 | 국립순천대학교:식품과학부(식품공학전공) | 국립순천대학교:식품공학과 | 국립순천대학교:바이오식품기계공학부 | 국립경국대학교:식품생명공학과 | 대구가톨릭대학교:식품공학과 | 대구대학교:식품공학과 | 대구한의대학교:식품생명공학과 | 대구한의대학교:식품생명공학전공 | 영남대학교:식품공학과 | 경상국립대학교:농화학식품공학과 | 경상국립대학교:식품공학부 | 경상국립대학교:식품공학과 | 경상국립대학교:해양식품공학과 | 부산대학교:식품공학과 | 인제대학교:식품생명과학부 | 제주대학교:식품생명공학과 | 고려대학교 세종캠퍼스:식품생명공학과
318,식품영양학과,190.1,60 % 이상,"식품영양학은 바른 식생활의 확립을 통해 사람들의 건강 증진에 기여하는 학문입니다. 식품영양학과는 건강한 식품을 공급하여 국민보건 향상에 기여할 수 있는 전문 기술인을 양성하는 것을 교육 목표로 합니다. 학과 과정은 크게 식품학과 영양학으로 구분되며, 식품학은 식품의 생산부터 취급, 소비에 이르는 모든 단계를 연구하고, 영양학은 식품 소비시 인체에 일어나는 생리학적, 생화학적 현상을 연구합니다.","급식경영자, 식문화전문가, 식품영양전문가, 식품전문가, 영양교사, 전문영양사","복어조리기능사, 식품가공기능사, 식품산업기사, 양식조리기능사, 영양사, 위생사, 일식조리기능사, 조리산업기사, 조주기능사, 중식조리기능사, 한식조리기능사","평소에 식품이나 음식을 만들거나 다양한 식품의 성분과 영양소를 파악하는 것에 흥미가 있다면 이 학과에 관심을 가져 볼 만합니다. 특히, 수학, 물리, 화학 등 기초 과학에 대한 능력이 있다면 학과 공부에 도움이 됩니다.  실험ㆍ실습을 수행하는 능력과 끈기가 있다면 도움이 됩니다.","식품의 다양화 및 외식 산업의 성장 등에 힘입어 식품산업 분야가 주목받고 있습니다. 웰빙, 건강, 유기농, 간편식 등 맞춤형 식품 영양에 대한 수요가 늘어나고 있으며, 최근에는 푸드스타일리스트, 식공간연출가 등 다양한 전문 분야로도 진출 가능합니다.",강서대학교:식품영양학과 | 강서대학교:식품영양학부(식품영양학전공) | 건국대학교:식품유통공학과 | 경기대학교:외식조리전공 | 경기대학교:외식조리ㆍ관광서비스학과 | 경기대학교:외식조리학과 | 경희대학교:식품영양학과 | 국민대학교:식품영양학과 | 덕성여자대학교:식품영양학전공 | 덕성여자대학교:식품영양학과 | 동국대학교:식품산업관리학과 | 동덕여자대학교:식품영양학과 | 삼육대학교:식품영양학과 | 상명대학교:외식의류학부 식품영양학전공 | 서울대학교:식품영양학과 | 서울디지털대학교:외식조리전공 | 서울여자대학교:식품응용시스템학부 | 서울여자대학교:식품영양학과 | 서울여자대학교:식품영양학전공 | 성신여자대학교:식품영양학과 | 성신여자대학교:바이오헬스융합학부 | 세종사이버대학교:바리스타・소믈리에학과 | 숙명여자대학교:식품영양학과 | 연세대학교:식품영양학과 | 이화여자대학교:식품영양학과 | 한국방송통신대학교:생활과학부 식품영양학전공 | 한양대학교:식품영양학과 | 경성대학교:식품영양학과 | 고신대학교:식품영양학과 | 고신대학교:식품영양학부 | 국립부경대학교:식품영양학전공 | 동명대학교:식품영양학과 | 동명대학교:호텔조리베이커리학과 | 동명대학교:영양식품학과 | 동서대학교:식품영양학전공 | 동서대학교:식품영양학과 | 동아대학교:식품영양학과 | 동의대학교:식품영양학과 | 부산대학교:식품영양학과 | 신라대학교:바이오식품소재학과 | 신라대학교:식품영양학과 | 신라대학교:식품영양학전공 | 신라대학교:식품영양조리학부 | 신라대학교:식품조리학전공 | 신라대학교:식품조리학과 | 인하대학교:식품영양학과 | 대전대학교:식품영양학과 | 목원대학교:식품제약학부 식품전공 | 배재대학교:식품영양학전공 | 배재대학교:식품영양학과 | 배재대학교:외식조리학과 | 우송대학교:외식조리학부 제과제빵ㆍ조리전공 | 우송대학교:외식조리영양학부 | 우송대학교:외식조리학부 한식・조리과학전공 | 충남대학교:식품영양학과 | 한남대학교:식품영양학과 | 경북대학교:식품영양학과 | 계명대학교:식품영양학과 | 계명대학교:식품영양학전공 | 계명대학교:식품가공학과 | 울산대학교:식품영양학전공 | 광주대학교:식품영양학과 | 광주대학교:건강기능식품학과 | 광주대학교:호텔외식조리학과 | 광주여자대학교:미래융합학부(영양식품학과) | 광주여자대학교:영양식품학과 | 광주여자대학교:식품영양학과 | 남부대학교:식품영양학과 | 남부대학교:호텔조리학과 | 송원대학교:식품영양학과 | 전남대학교:농식품생명화학부 | 전남대학교:식품영양과학부 | 조선대학교:식품영양학과 | 호남대학교:식품영양학과 | 호남대학교:외식조리학과 | 호남대학교:푸드케어학과 | 가천대학교:식품영양학과 | 가톨릭대학교:식품영양학과 | 경기대학교:외식・조리학과 | 경동대학교:외식사업학과 | 경동대학교:호텔조리학과 | 대진대학교:식품영양학과 | 명지대학교 자연캠퍼스:식품영양학과 | 수원대학교:식품영양학과 | 신한대학교:바이오식품외식산업학과 | 신한대학교:바이오식품산업전공 | 신한대학교:식품영양학과 | 신한대학교:외식조리전공 | 안양대학교:식품영양학과 | 용인대학교:식품영양학과 | 용인대학교:식품조리학부 | 을지대학교:식품영양학과 | 을지대학교:건강식품과학전공 | 을지대학교:외식조리학전공 | 을지대학교:식품영양학전공 | 중앙대학교:식품공학부(식품영양전공) | 한경국립대학교:영양조리과학과 | 한경국립대학교:식품영양학전공 | 강원대학교:동물식품응용과학과 | 강원대학교:식품영양학과 | 경동대학교:호텔조리학과 | 국립강릉원주대학교:식품영양학과 | 국립강릉원주대학교:해양바이오식품학과 | 국립강릉원주대학교:해양바이오식품학과 해양식품융합전공 | 상지대학교:식품영양학전공 | 상지대학교:식품영양학과 | 한림대학교:식품영양학과 | 건국대학교 글로컬캠퍼스:식품영양학전공 트랙 | 건국대학교 글로컬캠퍼스:식품학전공 | 건국대학교 글로컬캠퍼스:식품영양학과 | 건국대학교 글로컬캠퍼스:식품학과 | 건국대학교 글로컬캠퍼스:동물성식품소재학전공 트랙 | 국립한국교통대학교:식품영양학전공 | 극동대학교:식품영양학과 | 극동대학교:호텔외식조리학과 | 서원대학교:호텔조리전공 | 서원대학교:식품영양학과 | 서원대학교:호텔디저트식음료전공 | 서원대학교:호텔외식조리학부 | 세명대학교:바이오식품영양학부 | 세명대학교:바이오식품산업학부 | 유원대학교:와인사이언스학과 | 유원대학교:호텔외식조리학과 | 유원대학교:와인식음료학과 | 중원대학교:식품산업학과 | 충북대학교:식품영양학과 | 국립공주대학교:식품영양학과 | 국립공주대학교:식품영양학전공 | 단국대학교:식품영양학과 | 단국대학교:바이오헬스융합학부 | 선문대학교:식품과학과 | 순천향대학교:식품영양학과 | 중부대학교:바이오식품학전공 | 중부대학교:식품생명과학과 | 중부대학교:식품영양학전공 | 중부대학교:식품영양학과 | 청운대학교:식품영양학과 | 청운대학교:농생명식품융합학과 | 한서대학교:항공식품전공 | 호서대학교:식품영양학과 | 국립군산대학교:식품생명과학부(식품영양학전공) | 우석대학교:호텔외식조리학과 | 우석대학교:식품영양학과 | 우석대학교:식품생명영양학과 | 원광대학교:식품영양학과 | 원광대학교:식품·환경학부 | 전북대학교:식품영양학과 | 전주대학교:식품영양학과 | 호원대학교:식음료베이커리창업학과 | 호원대학교:식품환경화공학부 | 호원대학교:호텔외식조리학과 | 국립목포대학교:식품영양학과 | 국립순천대학교:식품영양학과 | 동신대학교:식품영양학과 | 전남대학교:해양바이오식품학과 | 초당대학교:제과제빵학과 | 초당대학교:호텔조리학과 | 초당대학교:호텔조리베이커리학과 | 경북대학교:식품외식산업학과 | 경일대학교:조기취업형계약학부 스마트푸드테크학과 | 경일대학교:스마트푸드테크학과 | 경일대학교:식품개발학과 | 국립경국대학교:식품영양학과 | 김천대학교:식품외식산업학과 | 김천대학교:식품영양학과 | 대구가톨릭대학교:건강식품관리전공 | 대구가톨릭대학교:외식・조리학과 | 대구가톨릭대학교:식품영양학과 | 대구대학교:식품영양학과 | 대구한의대학교:식품영양학과 | 대구한의대학교:푸드케어학부 | 대구한의대학교:식품영양학전공 | 대구한의대학교:호텔외식조리전공 | 대구한의대학교:푸드케어약선학과 | 대구한의대학교:한방식품조리영양학부 | 대구한의대학교:호텔외식조리베이커리학과 | 대구한의대학교:약선전공 | 대구한의대학교:식품조리학전공 | 신경주대학교:외식조리학과 | 영남대학교:식품영양학과 | 위덕대학교:외식조리제과제빵학부 | 위덕대학교:식품영양학전공 | 위덕대학교:외식조리창업전공 | 가야대학교:외식조리영양학부 | 경남대학교:화장품식품개발학부 식품개발학전공 | 경남대학교:외식조리학과 | 경남대학교:식품영양학과 | 경상국립대학교:식품영양학과 | 국립창원대학교:식품영양학과 | 영산대학교:서양조리학과 | 영산대학교:서양조리전공 | 영산대학교:연계전공학부(웰빙조리창업전공) | 영산대학교:Bakery&Beverage전공 | 영산대학교:K-Food조리전공 | 인제대학교:식품영양・식품공학부 | 창신대학교:식품영양학과 | 제주국제대학교:항공식품・물류학과 | 제주대학교:식품영양학과
21017,식품자원경제학과,190.1,60 % 이상,"식품자원경제학은 자연자원과 환경, 식량, 식품을 대상으로 응용경제학을 이용하여 관련된 문제를 해결하는 분야입니다. 농축산업의 생산, 유통 및 식품산업과 관련한 문제를 경영ㆍ경제적인 측면에서 규명하기 위해 필요한 제반 이론과 방법을 체계적으로 교육합니다. 농산물생산부터 식품소비에 이르기까지 푸드시스템 내의 일련의 과정에 대한 문제 뿐 아니라 농어촌 자원의 이용과 활용방안에 대한 문제를 교육하고 연구합니다.","경제학연구원, 농경제학자, 농업기술자","경영지도사, 관세사, 물류관리사, 유통관리사","식품, 농업에 대한 경제학을 공부한다는 측면에서 해당 산업군에 대한 기본적인 흥미가 있어야 하겠습니다. 수학 과목을 좋아하고 소질이 있으면 전공 공부에 도움이 될 수 있습니다. 경제에서의 수요와 공급에 대한 원리를 이해하고 응용할 수 있는 논리적 사고와 추론 능력이 필요합니다.","식품자원경제학과는 농업 산업에서부터 식품산업과 자원, 그리고 경제학의 범주를 포함하는 특징을 지닙니다. 농산물의 실수요와 공급을 예측하는데 중점이 있습니다.",고려대학교:식품자원경제학과 | 경북대학교:식품자원경제학과 | 단국대학교:식품자원경제학과 | 경상국립대학교:식품자원경제학과 | 부산대학교:식품자원경제학과
7,아동가족학과,190.3,60 % 이상,"아동가족학은 전 생애에 걸친 인간발달과 가족관계, 아동?청소년?노인?여성?가족에 관련된 미시적?거시적 문제에 대한 과학적 탐구와 이해를 바탕으로 아동의 복지와 가족의 삶의 질 향상에 기여하는 학문입니다.","가정교사, 가족상담가, 건강가정사, 놀이치료전문가, 사회복지사, 아동전문상담사, 유치원교사, 평생교육사","건강가정사, 보육교사, 아동상담사, 중등정교사2급(가정)(교직이수시)","평소 아동을 포함하여 친구, 가족, 주변 사람 등 사람에 대해 관심이 많고 도와주려고 하는 마음이 있다면 관심을 가져볼 수 있습니다. 인간에 대한 사랑과 타인에 대한 배려, 봉사 정신 등이 있다면 학과 공부에 도움이 됩니다. 기술ㆍ가정 교과목이나 심리 및 교육에 적성이 있다면 도움이 됩니다.","아동가족학은 나 자신과 우리 가족, 우리 사회 구성원 모두가 연구대상이며, 우리의 일상과 삶의 모든 단면이 연구주제가 될 수 있습니다.",건국대학교:소비자정보학전공 | 경희대학교:아동가족학과 | 경희사이버대학교:청소년・가족전공 | 덕성여자대학교:아동가족학전공 | 덕성여자대학교:아동가족학과 | 서울대학교:소비자아동학부(아동가족학전공) | 서울대학교:소비자아동학부(소비자학전공) | 서울대학교:소비자아동학부 | 성균관대학교:소비자학과 | 성균관대학교:소비자가족학과 | 연세대학교:아동・가족학과 | 이화여자대학교:소비자학전공 | 이화여자대학교:소비자학과 | 부산대학교:아동가족학과 | 인천대학교:소비자학과 | 인천대학교:소비자아동학과 | 인하대학교:소비자학과 | 인하대학교:소비자아동학전공 | 충남대학교:소비자학과 | 충남대학교:소비자생활정보학과 | 경북대학교:아동학부 아동가족학전공 | 충북대학교:소비자학과 | 국립군산대학교:아동가족학과 | 영남대학교:가족주거학과 | 경상국립대학교:아동가족학과 | 인제대학교:소비자·가족학과 | 제주대학교:가정관리학과
380,우주과학과,188.7,60 % 이상,"우주과학은 지구를 벗어난 공간인 우주에 대해 연구하는 학문으로서, 우주과학과는 현대 천문학에서부터 인공위성과 우주선의 활용에 이르는 기초와 응용에 학습하고, 21세기 우주 시대가 요구하는 첨단 학문 분야에서 국제적인 경쟁력이 있는 인재를 양성하는 데 교육목표를 두고 있습니다.","관제사, 이공학계열교수, 인공위성개발원, 자연과학연구원, 항공우주공학기술자","대기환경기사, 전파전자통신기사","평소 별자리나 인공위성, 우주선을 좋아하는 학생이라면 관심을 가져볼만 합니다. 아직 밝혀진 부분이 매우 적은 우주를 연구하는 학문인 만큼, 끈기를 지니고 포기하지 않는 탐구 정신이 필요합니다. 우주과학의 기초가 되는 수학, 물리 과목에 적성을 지니고 있으면 도움이 됩니다.",인류는 언제나 우주에 대한 호기심을 지니고 있고 현대의 과학기술이 점점 발전하면서 우주연구에 필요한 첨단 과학기술도 함께 발전되고 있기 때문에 관련 지식이 요구됨에 따라 더욱 주목받고 있습니다.,충남대학교:천문우주과학과 | 경희대학교:우주과학과
383,원예학과,208.1,60 % 이상,"지구 온난화에 따른 기후 변화 문제가 커지면서, 저탄소 녹색 성장이 중요해지고 있습니다. 원예학과는 숲의 산림 자원과 과수, 채소, 화훼 등 원예작물의 생산에서 활용까지 전 과정을 배우고, 자연환경을 아름답고 쾌적하게 조성하는 전문 인력을 기르는 곳입니다.","교사, 교수, 임업인, 조림영림및벌목원","농림토양평가관리기사, 농산물품질관리기사, 산림경영기사, 산림공학기사, 시설원예기사, 식물보호기사, 원예치료사, 유기농업기사, 임업종묘기사, 조경기사, 종자기사, 화훼장식기사","평소에 나무나 채소와 같은 식물을 기르는 것에 관심이 많거나 기초 과학 분야에 흥미가 있다면 이 학과에 관심을 가져 볼 만합니다. 자연과학이나 환경 및 농림 분야에 적성이 있으면 학과 공부에 도움이 됩니다. 생물, 화학, 화학, 물리와 같은 기초 과학 과목에 대한 소양이 있으면 유리합니다.","최근 바이오 공학의 발전에 따라 산림ㆍ원예 분야에서도 이를 접목한 분야가 주목받고 있습니다. 차세대 친환경 에너지인 산림 바이오매스, 식물 조직 배양, 숲의 치유 기능 등 계속적인 학문적 발전이 이루어지고 있으며 대기오염 등으로 인해 원예에 대한 사람들에 관심도 많아지고 있습니다.",삼육대학교:환경디자인원예학과 | 서울시립대학교:환경원예학과 | 서울여자대학교:원예생명조경학과 | 배재대학교:원예산림학과 | 충남대학교:원예학과 | 경북대학교:원예과학과 | 전남대학교:원예생명공학과 | 경희대학교:스마트팜과학과 | 경희대학교:원예생명공학과 | 한경국립대학교:원예생명공학전공 | 한경국립대학교:원예생명과학과 | 강원대학교:원예학과 | 강원대학교:원예과학전공 | 강원대학교:원예·농업자원경제학부 | 상지대학교:산림조경학부 산림과학전공 | 우석대학교:산림조경원예학과 | 충북대학교:응용생명공학부 특용식물학전공 | 충북대학교:원예과학과 | 충북대학교:응용생명공학부 원예과학전공 | 국립공주대학교:원예학과 | 단국대학교:환경원예조경학부 | 단국대학교:환경원예학과 | 단국대학교:생명자원학부 환경원예학전공 | 원광대학교:원예산업학부 | 원광대학교:원예산업학과 | 전북대학교:원예학과 | 국립목포대학교:원예산림학부 | 국립목포대학교:원예과학과 | 국립순천대학교:원예학과 | 경북대학교:산림생태보호학과 | 국립경국대학교:스마트원예과학과 | 국립경국대학교:원예・생약융합학부 | 국립경국대학교:원예육종학과 | 대구가톨릭대학교:원예학과 | 대구가톨릭대학교:환경원예조경학부 | 대구가톨릭대학교:원예치료전공 | 대구가톨릭대학교:스마트그린케어학과 | 대구대학교:원예학과 | 영남대학교:원예생명과학과 | 경상국립대학교:원예학과 | 경상국립대학교:산림융복합학전공 | 경상국립대학교:원예과학부 | 부산대학교:원예생명과학과 | 제주대학교:원예환경전공
392,유전공학과,194.5,60 % 이상,"유전공학은 생명현상을 이해하고 그 원리를 응용한 유전공학 기술을 이용하여 인간의 삶을 질적, 양적으로 향상시킬 수 있는 첨단과학기술을 연구하는 학문입니다. 유전공학과는 유전자 재조합 기술과 유전자산물의 생산을 위한 기본 지식을 연구ㆍ개발하는 데 주안점을 둡니다. 또한 인류를 위하여 유익하게 응용하는 생명공학의 여러 분야에 종사할 연구 인력 및 학자 양성에 목표를 두고 있습니다.","생명과학연구원, 유전공학연구원, 이공학계열교수, 자연계중등학교교사","생물분류기사(동물,식물), 자연생태복원기사, 축산기사, 토양환경기사","생명과 유전자가 지닌 정보를 탐색하고 연구하고자 하는 흥미를 지녀야 하며, 정교한 실험을 오랜 기간 인내심있게 수행할 수 있는 끈기가 있어야 합니다. 또한 생명 정보를 다루기 때문에 높은 수준의 윤리의식이 필요합니다.",우리나라는 고령화시대에 접어들었고 질병과 웰빙에 대한 수요가 그 어느 때보다도 높습니다. 유전공학은 바이오산업과 함께 계속적으로 발전해갈 미래 가치가 높은 대표적인 분야이며 해당 학과에 대한 관심과 인력 수요는 높아질 것으로 기대됩니다.,고려대학교:생명유전공학부 | 동아대학교:분자유전공학과 | 동아대학교:유전공학과 | 경희대학교:유전생명공학과 | 성균관대학교:유전공학전공
407,의류ㆍ의상학과,197,60 % 이상,"옷은 자신을 적극적으로 표현하는 도구입니다. 사람들이 가진 매력을 패션으로 펼쳐 주는 공부를 할 수 있는 곳이 의류학과입니다. 의류ㆍ의상학과에서는 우리 몸에 어울리고 아름다운 옷을 디자인하고 만들 수 있는 능력을 기르고, 패션 산업에 필요한 지식과 기술을 학습할 수 있습니다.","디스플레이어, 머천다이저(MD), 모델리스트, 브랜드매니저, 숍마스터, 스타일리스트, 액세서리디자이너, 컬러리스트, 파티플래너, 패션디자이너, 패션에디터","섬유디자인산업기사, 의류기사, 컬러리스트, 패션디자인산업기사, 패션머천다이징산업기사","친구들이 오늘은 어떤 색깔, 어떤 모양의 옷을 입고 왔는지에 대하여 관심이 많다면 이 학과에 관심을 가져 볼 만합니다. 새로운 것을 만들어 낼 수 있는 아이디어가 많고 미적 감각이 풍부한 사람들에게 유리합니다. 다시 말해서 상상력이 풍부하고 감성적이어야 합니다. 과제 수행시 기본적인 디자인 능력이 필요하기 때문에 손재주와 실기 능력이 뒷받침되면 도움이 됩니다.",현대사회에서는 많은 사람들이 옷을 통하여 나만의 개성을 나타내려고 하기 때문에 패션은 학문을 넘어 일상 속에서도 항상 많은 사람들에게 관심을 받는 분야입니다.,경희대학교:의상학과 | 디지털서울문화예술대학교:패션산업학과 | 상명대학교:텍스타일아트전공 | 상명대학교:외식의류학부 의류학전공 | 서울대학교:의류학과 | 서울디지털대학교:패션학과 | 서울여자대학교:패션산업학과 | 성균관대학교:의상학과 | 성신여자대학교:의류학과 | 성신여자대학교:의류산업학과 | 숙명여자대학교:의류학과 | 연세대학교:의류환경학과 | 이화여자대학교:의류산업학과 | 이화여자대학교:의류학전공 | 한국방송통신대학교:생활과학부 의류패션학전공 | 한성대학교:패션학부 | 한성대학교:의류패션산업전공 | 한양대학교:의류학과 | 부산대학교:의류학과 | 인천대학교:패션산업학과 | 배재대학교:의류패션학과 | 충남대학교:의류학과 | 한남대학교:의류학전공 | 경북대학교:의류학과 | 계명대학교:패션마케팅학전공 | 계명대학교:패션마케팅학과 | 울산대학교:의류학전공 | 전남대학교:의류학과 | 가천대학교:패션산업학과 | 가톨릭대학교:의류학전공 | 가톨릭대학교:의류학과 | 수원대학교:의류학과 | 중부대학교:토탈패션산업학과 | 중앙대학교:의류학과 | 한경국립대학교:의류산업학과 | 한경국립대학교:의류산업학전공 | 상지대학교:패션뷰티학부 | 서원대학교:패션의류학과 | 충북대학교:의류학과 | 국립공주대학교:의류상품학과 | 국립군산대학교:의류학부 | 국립군산대학교:의류학과 | 전북대학교:의류학과 | 전주대학교:패션산업학과 | 국립목포대학교:패션의류학과 | 국립경국대학교:의류학과 | 국립경국대학교:패션라이프스타일학과 | 영남대학교:의류패션학과 | 경남대학교:의류산업학과 | 경상국립대학교:의류학과 | 국립창원대학교:의류학과 | 제주대학교:패션의류학과
437,임산공학과,208.1,60 % 이상,"임산공학은 식물학, 공학, 화학공업, 환경보존학 및 예술 분야까지 포함하는 종합학문입니다. 임산공학과는 목재 및 임산자원의 효율적 이용과 용도 개발, 재료 및 제품 개발 등에 관한 내용을 다루고 있으며, 산림에서 생산되는 각종 임산자원의 합리적ㆍ효율적 이용과 용도 개발, 재료 및 제품 개발에 대해 학습할 수 있습니다.","조경기술자, 나무의사(수목보호기술자), 목재보존처리전문가, 임업연구원, 제지공학기술자, 환경공학기술자","임산가공기능사, 임산가공기사",목재와 산림 자원을 활용하지만 그만큼 환경을 아끼는 마음도 필요할 것입니다. 공학에 기반한 전공이기 때문에 이학 및 공학 계열에 대한 흥미와 적성을 지니면 도움이 됩니다. 산림자원 및 목재의 생리를 이해하고 다루어야 하기 때문에 화학이나 물리 생물 등의 기초과학에 대한 소질이 필요합니다.,"친환경 목재자원 이용, 재활용, 신물질, 신재생 에너지와 연관되어 있으며 목재를 가공해서 활용하는 것 자체에 방점이 있습니다.","충남대학교:환경임산자원학부 | 충남대학교:임산공학전공 | 경북대학교:산림과학.조경학부 임학전공 | 경북대학교:산림과학.조경학부 임산공학전공 | 경북대학교:임산공학과 | 경북대학교:산림과학.조경학부(임학전공,임산공학전공,조경학전공) | 전남대학교:임산공학과 | 강원대학교:목재・종이과학부 | 강원대학교:임산공학과"
484,정밀화학과,190,60 % 이상,정밀화학은 순수화학을 기본으로 첨단 화학을 추구하는 학문입니다. 부가가치가 높고 다용도의 특수 기능성을 가지며 사회적 필요에 따라 기능성의 향상과 용도의 다양화에 부응하는 고도의 기술 집약적인 화학 산업 분야입니다. 이에 정밀화학과에서는 정밀화학산업에 요구되는 공학적 이론 지식과 현장 적용 능력을 갖춘 전문 화학 인력 양성을 교육목표로 두고 있습니다.,"이공학계열교수, 조향사, 화학공학기술자","가스기사1,2급, 공업화학기사, 화공기사, 환경기사","화학 및 기초과학에 대한 전반적인 흥미를 가진 사람에게 유리하며 꼼꼼하고 세심한 주의력을 가진 성격에게 잘 어울리는 학문입니다. 평소 자연 현상에 대해 호기심이 있고, 화학적 변화 원리에 관심이 있는 학생이라면 관심을 가져 볼 만합니다. 기초 과학 쪽에 적성이 있고, 특히 화학에 능력이 있다면 학과 공부에 도움이 됩니다. 문제에 대한 논리적인 분석력과 끈기 있는 자세를 갖추면 더욱 좋습니다.","정밀화학 산업의 발전정도는 곧 그 나라의 화학에 대한 기술 정도를 평가함과 동시에 경제력과 직결지을 수 있다고 말할 수 있습니다. 정밀화학은 이렇듯 부가가치가 높고, 다용도의 특수 기능성을 가지며, 사회적 필요에 따라 기능성의 향상과 용도의 다양화에 부응하는 고도의 기술 집약적인 화학산업 분야입니다.",서울과학기술대학교:정밀화학과 | 배재대학교:정밀응용과학 | 한남대학교:코스메틱사이언스전공
494,제약공학과,194.5,60 % 이상,"제약공학은 기존의 화학합성 의약품뿐만 아니라 생물의약품, 향장품 및 건강식품과 연관된 제약산업, 화장품산업, 건강식품산업의 발전 및 인류복지에 기여할 수 있는 학문 분야입니다. 제약공학과는 생명공학을 바탕으로 제약공업에 관한 연구개발에 필요한 전문 지식을 갖춘 제약공학 전문가 양성을 목표로 합니다.","약사 및 한약사, 약리학자","생명공학기사, 식품공학기사, 식품기사, 위생사, 품질관리기사","생명의 소중함을 알고, 생물, 화학, 물리, 수학 등의 기초자연과학에서부터 약학, 공학의 응용과학에 이르는 폭넓은 지식과 기술에 대한 흥미와 관심이 있으면 도움이 됩니다. 과학적 사고력과 오랜 시간 집중해서 연구할 수 있는 집중력, 관찰력, 책임감 등이 필요합니다.","참살이(well-being), 고령화 등으로 인해 제약ㆍ의약품 산업이 계속적으로 성장하고 있으며, 우리나라의 시장 규모도 세계 상위권 수준의 규모입니다. 첨단 산업 및 우리 생활에 미치는 파급 효과가 크고, 관련 전문ㆍ고급 인력의 양성도 계속적으로 요구되고 있는 상황입니다.",경성대학교:제약공학과 | 신라대학교:제약공학전공 | 신라대학교:제약화장품학과 | 신라대학교:제약공학과 | 건양대학교:제약생명공학과 | 배재대학교:제약공학전공 | 배재대학교:제약공학과 | 계명대학교:혁신신약학과 | 강원대학교:생약자원개발학과 | 상지대학교:제약바이오학과 | 상지대학교:제약공학과 | 상지대학교:제약바이오전공 | 서원대학교:제약공학과 | 세명대학교:바이오제약산업학부 | 중원대학교:제약공학과 | 청주대학교:제약공학과 | 청주대학교:제약바이오메디컬공학전공 | 충북대학교:제약바이오학과 | 단국대학교:제약공학과 | 선문대학교:제약생명공학과 | 선문대학교:BT융합제약공학과 | 중부대학교:헬스케어제약공학전공 | 중부대학교:한방보건제약학과 | 호서대학교:제약공학전공 | 호서대학교:제약공학과 | 호서대학교:식품제약공학부 | 우석대학교:제약공학과 | 동신대학교:제약・화장품학과 | 국립경국대학교:생약자원학과 | 대구가톨릭대학교:제약공학과 | 대구가톨릭대학교:식품생명제약공학부 | 대구한의대학교:한약개발학과 | 대구한의대학교:제약공학과 | 대구한의대학교:한약개발학전공 | 경남대학교:제약공학과 | 경상국립대학교:제약공학과 | 인제대학교:제약공학과
504,조리과학과,190.1,60 % 이상,조리과학과는 현대인들의 식생활에 있어서 신체적 건강뿐만 아니라 정신적ㆍ사회적 건강의 측면에서도 중요한 건전한 식생활에 대해 다룹니다. 조리과학과는 조리과학 전반에 관해 연구하여 이론 및 실기를 겸비한 조리 관련 분야의 전문인을 양성하는 데 교육목표를 두고 있습니다.,"식음료전문가, 식품공학기술자, 전통식품제조원, 제과사및제빵사, 조리사및주방장, 푸드스타일리스트","복어조리기능사, 식품기사, 양식조리기능사, 영양사, 와인소믈리에, 일식조리기능사, 조리산업기사, 커피바리스타, 포드코디네이터, 한식조리기능사",음식에 대한 관심과 흥미가 높아야 합니다. 직접 조리를 하는 실기 능력이 요구되기 때문에 음식에 대한 감각과 손재주가 필요합니다. 국제적으로 인적 교류가 활발한 현대사회에서는 다양한 문화권의 문화가 전파되고 이에 대한 인력 수요도 많기 때문에 외국어 능력과 친화력을 갖추면 도움이 됩니다.,"전통 음식 뿐 아니라 여러 문화권을 배경으로 한 다양한 음식에 대해 사람들의 관심이 높고, 외식 시장이 날로 커지고 있기 때문에 조리 관련 학과와 직종에 대한 관심도 함께 높아지고 있습니다.",경희사이버대학교:조리서비스경영전공 | 디지털서울문화예술대학교:조리학과 | 세종대학교:글로벌조리학과 | 목원대학교:외식조리ㆍ제과제빵학과 | 우송대학교:외식조리학부 외식조리전공 | 우송대학교:글로벌조리학부 Lyfe조리전공 | 우송대학교:글로벌조리학부 글로벌조리전공 | 우송대학교:글로벌조리학부 폴보퀴즈조리전공 | 신한대학교:식품조리과학부 | 극동대학교:호텔외식조리학전공 | 전주대학교:한식조리학과 | 호원대학교:외식.조리학부 | 국립순천대학교:조리과학과 | 김천대학교:항공호텔조리학부(호텔조리전공) | 대구가톨릭대학교:외식조리제과제빵학과 | 신경주대학교:외식・조리학부 | 위덕대학교:제과제빵창업전공 | 영산대학교:동양조리전공 | 영산대학교:웰빙조리창업학과 | 영산대학교:조리예술학부 | 영산대학교:동양조리학과 | 영산대학교:한국식품조리학과
524,지구정보공학과,225.7,60 % 이상,"제주도에 가보면 흙과 돌이 내륙과는 크게 차이가 나는 것을 알 수 있습니다. 우리가 사는 지구나 공간이 어떻게 형성되었는지를 탐구하는 곳이 지구정보공학과입니다. 지구정보공학과는 국토 계획과 지역 개발, 지도 제작, 환경 관리와 평가, GIS(지리정보시스템) 등의 분야를 선도할 인재를 양성합니다. 지구정보공학과에서는 사람들이 사는 생활 공간인 지표 현상에 대하여 학습합니다.","공무원, 국제지역전문가, 도시계획가, 지도제작기술자, 지도제작자, 지역연구자, 지질학연구원","도시계획기사, 지도제작산업기사","화산, 지진, 화석과 같은 순수과학에 관심이 있거나 지구의 자원, 환경문제에 관심이 있는 학생이면 좋습니다.  학생들은 전국 곳곳에서 현장 조사를 해야 하므로 공간의 방향이나 위치를 잘 파악할 수 있어야 하고 수학을 잘할 수 있어야 합니다.",지구정보공학과는 사람이 사는 땅과 공간을 탐구합니다. 지질 구조를 탐구할 뿐만 아니라 사람들이 공간에서 어떻게 살고 있는지도 분석해야 합니다. 지구ㆍ지리학과는 순수한 자연 현상뿐만 아니라 사람들의 역사에 대해서도 공부해야 한다는 점에서 자연과학과 인문과학을 통합적으로 공부한다는 특징을 지닙니다.,서울시립대학교:공간정보공학과 | 세종대학교:공간정보공학과 | 국립부경대학교:공간정보시스템공학전공 | 국립부경대학교:위성정보융합공학전공 | 영산대학교:드론공간정보공학과 | 인하대학교:공간정보공학과 | 남서울대학교:드론공간정보공학과 | 경일대학교:국토정보학부 공간정보전공
523,지구환경과학과,225.7,60 % 이상,"지구환경과학은 오래전 생성된 지구의 구성 물질과 과거에서부터 현재에 이르기까지 발생한 지구 환경 변화의 과정을 파악하고 이를 토대로 미래 환경 변화를 예측하는 학문입니다. 지구환경과학과는 지구대기의 물리.화학적 상태와 그 운동을 이해하는 대기과학, 지구물질과 에너지 순환 기원, 그리고 진화를 이해하는 지구시스템과학, 해양의 구성물질에서 물리적 순환과 자원을 이해하는 해양학을 아우르는 내용을 학습합니다.","대기환경기술자, 상수도기술자, 소음진동기술자, 수질환경연구원, 토양환경기술자, 해양공학기술자, 환경설비기술자, 환경영향평가원, 환경위생검사원, 환경컨설턴트, 환경공학기술자","대기환경기사, 소음진동기사, 수질환경기사, 자연생태복원기사, 토양환경기사, 폐기물처리기사","대기, 해양, 지질 등 우리가 살고 있는 지구라는 환경에 과학적인 관심과 호기심을 지닌 학생이라면 관심을 가져볼만 합니다. 실험이나 관찰을 진행하기 위한 꼼꼼함과 탐구심이 필요하며 자연 관련 과목에 적성을 지니면 도움이 됩니다.",학문의 특성상 시공간적으로 다양한 규모와 특성을 가지는 여러 환경계를 다루는 것이 다른 자연과학과 비교되는 큰 특성중의 하나입니다. 지구환경과학 분야는 국내외적으로 21세기 과학기술에 있어 인류의 삶의 질 향상과 지속가능한 발전을 위한 핵심 주제로 부각되고 있습니다.,"연세대학교:지구시스템과학과 | 경북대학교:지구시스템과학부(지질학전공, 천문대기과학전공, 해양학전공) | 강원대학교:지구시스템공학과 | 전북대학교:과학기술학부(지구환경과학전공) | 경북대학교:생태환경관광학부(생물응용전공) | 경북대학교:생태환경시스템학부 식물자원환경전공 | 경북대학교:생태환경시스템학부 산림환경자원전공"
529,지리학과,225.7,60 % 이상,"지리학은 인간의 생활공간인 지표를 연구하는 학문입니다. 인간의 활동 무대가 되는 지표공간 내에서의 인간의 활동과 관련된 자연적, 인문적 현상의 지역적 분포 차이와 일반성을 연구합니다. 지리학과는 지리학의 학습을 통해서 지표 현상의 지리적 내용을 탐구하고 발전시키며 나아가 이를 사회발전과 국토개발에 활용할 수 있는 지리학 전문가를 양성하는 데 교육목표를 두고 있습니다","GIS전문가, 지리교사, 지리학연구원, 측량사","정보처리기사, 측량및지형공간정보기사","지구의 다양한 지형과 지리에 대해 관심을 가지고 있으면 좋습니다. 실제로 지형이나 암석 관찰을 위해 탐방을 하는 경우가 많기 때문에 평소 여행이나 탐험을 좋아하는 학생이라면 관심을 가져볼만 합니다. 최근에는 지리정보시스템 분야의 응용도 많기 때문에 컴퓨터 활용, 수리적 능력이 있으면 도움이 됩니다.","현대 지리학은 공간정보를 수집, 탐색, 관리, 분석하는 지리정보시스템, GIS(Geographical Information Science)는 정보기술의 발전에 따라 성장하여, 현대사회에 필수적인 핵심 IT기술로 자리잡고 있습니다. 자연과 인문, 그리고 정보과학을 포괄한다는 특수성을 지닙니다.",건국대학교:지리학과 | 경희대학교:지리학과(자연계열) | 상명대학교:지리학과 | 서울대학교:지리학과 | 성신여자대학교:지리학과 | 경북대학교:지리학과 | 전남대학교:지리학과 | 국립공주대학교:지리학과 | 경북대학교:위치정보시스템학과
536,지적학과,225.7,60 % 이상,"지적학은 국토를 대상으로 다각적 측면, 즉 부동산, 도시계획, 측량법률, 행정 등의 분야에 대해 보다 효율적인 토지의 이용 관리를 연구하는 분야로 국토 자원의 효율적 이용과 관리에 핵심적 요소입니다. 이에 지적학과에서는 국토의 효율적 이용 관리를 위해 부동산, 도시 및 지역계획, 측량, 법률, 정책 등 종합적 관점에서 지적에 관한 전문 지식을 습득시켜서 지적 관련 업무의 전문 인력을 양성하는 것에 교육목표를 두고 있습니다.","GIS전문가, 감정평가사, 공인중개사, 도시계획관련공무원, 지적직공무원, 측량사, 토목","공인중개사, 부동산감정평가사, 정보처리기사, 지적기사, 측량및지형공간정보기사",지적은 토지에 대한 생성에서 소멸까지의 물리적 현황을 파악하고 법적 관리관계에 대한 사항을 등록하는 일을 포함하기 때문에 데이터를 다루고 확인하는 작업하는 일에 흥미를 지니고 있고 꼼꼼한 성격을 지닌 학생이라면 관심을 가져볼 만 합니다. 숫자와 법령을 잘 파악하고 숙지하는 역량이 있다면 도움이 될 수 있습니다.,"최근 지적 분야에 대해 국가와 지방자치단체, 공공단체, 그리고 각 사회 분야의 수요가 늘어나는 추세입니다. 지적학을 토대로 측량, 탐사, 법률, 제도, 정책, 부동산 등에 대한 다양한 분야에서 적용된다는 특징을 지닙니다.",청주대학교:지적학과 | 청주대학교:지적학전공 | 국립목포대학교:지적학과
537,지질학과,225.7,60 % 이상,"지질학은 지구 주위에서 일어나는 모든 사물들의 운동과 현상을 다루는 학문으로, 대자연의 질서와 법칙을 밝히고 나아가 인간생활에 도움이 되는 지하자원의 개발 및 국토개발을 위한 기초 연구를 수행합니다. 지질학과는 순수 과학으로서의 지질학의 기본 원리인 지구의 역사를 이해시키고 고도화된 지식과 연구방법을 이용하여 사회가 필요로 하는 전문 인력의 양성에 교육목표를 두고 있습니다.","GIS전문가, 광산기술자, 자원공학기술자, 지구물리학자, 지질학연구원, 토양연구원, 토양학자, 토양환경기술자","대기환경기사, 수질환경기사, 지적기사, 폐기물처리기사",우리가 살고 있는 지구라는 환경에서 특히 지질 분야에 대해 과학적인 관심과 호기심을 지닌 학생이라면 관심을 가져볼만 합니다. 관찰과 조사를 진행하기 위한 꼼꼼함과 탐구심이 필요하며 자연 관련 과목에 적성을 지니면 도움이 됩니다.,"근래에는 광물자원과 열에너지 자원의 탐사 및 개발, 신소재 개발, 균형 있는 국토개발 및 지구환경 보존 등 인류복지를 위한 실용적인 측면이 중시되고 있습니다.",부산대학교:지질환경과학과 | 충남대학교:지질환경과학과 | 경북대학교:지질학과 | 경북대학교:지구시스템과학부 지질학전공 | 강원대학교:지질학과 | 강원대학교:지질·지구물리학부 | 강원대학교:지질학전공 | 국립공주대학교:지질환경과학과 | 경상국립대학교:지질과학과
541,천문학과,188.7,60 % 이상,"어린시절 누구나 밤하늘에 반짝이는 별에 대해 호기심을 가져본 적이 있을 것입니다. 천문학은 우주의 기원, 별의 생성과 소멸, 우주탐사에 대한 연구를 통해 인류와 우주와 연관된 중요하고도 심오한 문제를 다루고 있습니다. 천문학과는 우주와 물질의 기원에 대한 이해를 목표로 물리학과 천문학의 기본원리를 탐구하고 이해하는 인재를 양성합니다.","환경컨설턴트, 기후변화전문가, 온실가스인증심사원, 전자통신연구원, 항공우주연구원, 환경공학기술자","기상기사, 대기환경기사, 소음진동환경기사, 수질환경기사, 전파전자통신기사","별의 움직임과 우주 세계에 깊은 호기심을 지닌 학생에게 적합합니다. 천문학과는 기본적으로 수학, 물리학, 지구과학 등의 기초 과학 과목을 잘해야 하고, 별을 세심하게 관찰할 수 있는 꼼꼼한 성격도 필요하며, 천문 계산을 위해 컴퓨터를 많이 사용하므로 소프트웨어 사용법, 수치 계산, 수치 적분, 프로그래밍 등의 능력도 필요합니다.","천문학은 물리, 별, 은하, 행성, 우주 등을 다루는 학문이며 내용의 깊이와 범위가 방대하고 전문성이 높은 분야로 인식되는 편이며, 천문학과는 학교에 따라 천문우주, 물리천문, 우주과학 등의 명칭으로 개설되어 있습니다.",서울대학교:물리·천문학부(천문학전공) | 세종대학교:천문우주학과 | 연세대학교:천문우주학과 | 경북대학교:천문대기과학과 | 충북대학교:천문우주학과
557,축산학과,259.9,60 % 이상,"축산학은 축산물의 효율적인 생산과 이용을 위해 육종, 번식, 영양, 축산가공 및 축산경영에 관한 이론과 경제적 사양관리 등의 실제 기술을 연구하는 학문입니다. 축산학과는 가축육종, 영양, 사양, 가공, 번식생리 및 생명공학 등 축산 관련 각 분야에 대한 진행하며 동물산업과 생명과학을 선도할 수 있는 인재 양성을 목표로 합니다.","공항검역관, 낙농및사육관련종사자, 도축검사원, 바이오에너지연구및개발자, 방역사, 축산농장관리자, 축산물등급판정사, 축산및수의학연구원, 축산업관련공무원, 축산업지도사","가축인공수정사, 식육처리기능사, 축산기사, 축산물등급사","평소에 동물을 기르는 것과 건강, 축산 식품에 대한 관심이 필요합니다. 생물이나 화학과 같은 기초과학 과목에 적성을 지니거나 또는 생물 실험에 대한 거부감이 없으면 이 학과 공부를 하는 데 도움이 됩니다. 농촌에서 일하게 되는 경우가 많음으로 농촌 환경에 대한 이해가 필요합니다.","축산업은 우리나라 전체 농산업 생산량의 상당 규모를 차지하며 관련 세부 산업(종자산업, 사료산업, 동물약품, 축산식품가공 등)의 성장이 기대되는 분야입니다. 건강에 관한 사람들의 관심이 높아지면서 육류의 질과 위생과 연관이 있는 축산학의 중요성도 높아지고 있습니다.",건국대학교:축산식품생명공학과 | 강원대학교:축산과학전공 | 강원대학교:축산학과 | 강원대학교:축산식품과학과 | 강원대학교:축산식품과학전공 | 중원대학교:말산업학과 | 충북대학교:축산학과 | 충북대학교:식품생명·축산과학부 축산학전공 | 충북대학교:식품생명·축산과학부 | 중부대학교:동물사육학전공 | 경북대학교:축산생명공학과 | 경북대학교:축산학과 | 신경주대학교:말산업학과 | 경상국립대학교:축산학전공 | 경상국립대학교:축산과학부 | 경상국립대학교:축산학과 | 경상국립대학교:축산생명학과
591,통계학과,208.2,60 % 이상,"통계학은 수학적 지식을 바탕으로 자연 현상이나 사회 현상, 경제 현상의 다양한 특성 및 정보를 과학적으로 분석하고 결과를 이끌어 내는 이론과 방법에 관한 학문입니다. 통계학과는 통계적인 사고방식을 통해 분석력 및 비판력을 갖춘 인재를 양성하는데 목표를 두고 다양한 통계 이론 및 방법을 공부합니다.","경영기획사무원, 보험관리자, 보험사무원, 보험인수심사원, 수학및통계연구원, 시장및여론조사전문가, 통계사무원, 통계학과교수","보험계리사, 사회조사분석사, 손해사정사, 정보처리기사","기본적으로 수학을 좋아해야 하며, 정보를 분석하고 추리하는 것을 좋아하는 사람이면 좋습니다. 또한 사회, 경제, 자연 및 인간생활에 관심을 갖고 이에 관련된 여러 현상을 분석하는 것을 즐기거나 제품 및 서비스의 품질에 관심 있는 학생도 좋습니다. 컴퓨터를 활용한 통계 분석 기법이 많이 사용되기 때문에 컴퓨터 활용 능력과 집중력, 논리력이 필요합니다.",뉴스에서 '통계 결과에 따르면' 이라는 말을 많이 들어 보셨죠? 통계학은 사회 현상을 숫자로 이해할 수 있기 때문에 실생활과 밀접한 관계에 있습니다. 현대 사회가 복잡해짐에 따라 사회와 여러 학문 분야에서 통계학의 중요성이 점차 커지고 있습니다.,건국대학교:응용통계학과 | 경희대학교:빅데이터응용학과 | 고려대학교:통계학과 | 고려대학교:데이터과학과 | 덕성여자대학교:정보통계학전공 | 덕성여자대학교:정보통계학과 | 동국대학교:통계학과 | 동덕여자대학교:정보통계학과 | 동덕여자대학교:정보학부 정보통계학전공 | 서울대학교:통계학과 | 서울시립대학교:통계학과 | 성균관대학교:통계학전공 | 성균관대학교:통계학과 | 성신여자대학교:통계학과 | 성신여자대학교:수리통계데이터사이언스학부 | 세종대학교:응용통계학전공/수학통계학부 | 세종대학교:수학통계학과 | 숙명여자대학교:통계학과 | 숭실대학교:정보통계・보험수리학과 | 연세대학교:응용통계학과 | 이화여자대학교:통계학전공 | 이화여자대학교:통계학과 | 중앙대학교:수학통계학부(통계전공) | 중앙대학교:응용통계학과 | 한국방송통신대학교:통계・데이터과학과 | 한국외국어대학교:Social Science & AI융합학부 | 한양대학교:데이터사이언스학부 | 경성대학교:빅데이터응용통계학과 | 경성대학교:수학응용통계학부 | 국립부경대학교:데이터정보과학부 | 국립부경대학교:통계・데이터사이언스전공 | 국립한국해양대학교:전자전기정보공학부(데이터사이언스전공) | 부산대학교:통계학과 | 부산외국어대학교:빅데이터전공 | 부산외국어대학교:빅데이터학과 | 인천대학교:데이터과학과 | 인하대학교:통계학과 | 대전대학교:빅데이터학과 | 대전대학교:빅데이터분석전공 | 대전대학교:통계학과 | 충남대학교:정보통계학과 | 한남대학교:빅데이터전공 | 한남대학교:빅데이터응용학과 | 경북대학교:통계학과 | 계명대학교:통계학전공 | 계명대학교:통계학과 | 전남대학교:빅데이터융합학과 | 전남대학교:통계학과 | 전남대학교:빅데이터금융공학융합전공 | 조선대학교:컴퓨터통계학과 | 가천대학교:응용통계학과 | 경기대학교:응용통계학전공 | 단국대학교:통계데이터사이언스학과 | 단국대학교:응용통계학과 | 단국대학교:정보통계학과 | 수원대학교:데이터과학부 | 안양대학교:정보통계학과 | 안양대학교:통계데이터사이언스학과 | 안양대학교:통계데이터과학전공 | 용인대학교:물류통계정보학과 | 차의과학대학교:데이터경영학과 | 한국외국어대학교:통계학과 | 한신대학교:응용통계학 | 한신대학교:응용통계학과 | 한신대학교:정보통계학과 | 강원대학교:정보통계학과 | 강원대학교:정보통계학전공 | 국립강릉원주대학교:정보통계학과 | 상지대학교:빅데이터사이언스학과 | 연세대학교 미래캠퍼스:데이터사이언스학부 | 연세대학교 미래캠퍼스:데이터사이언스학전공 | 연세대학교 미래캠퍼스:정보통계학전공 | 연세대학교 미래캠퍼스:헬스케어빅데이터전공 | 한림대학교:금융정보통계학과 | 한림대학교:디지털금융정보전공 | 한림대학교:임상의학통계전공 | 한림대학교:데이터사이언스학부 | 한림대학교:빅데이터전공 | 한림대학교:데이터테크전공 | 청주대학교:통계학과 | 충북대학교:정보통계학과 | 충북대학교:수학・정보통계학부 정보통계학전공 | 호서대학교:응용통계학과 | 원광대학교:빅데이터･금융통계학부 | 전북대학교:통계학과 | 국립경국대학교:데이터과학과 | 국립경국대학교:정보통계학과 | 대구대학교:통계학과 | 대구한의대학교:데이터경영학과 | 대구한의대학교:스마트빅데이터전공 | 대구한의대학교:데이터경영학전공 | 동국대학교 WISE캠퍼스:ICT・빅데이터학부(자연) | 동국대학교 WISE캠퍼스:빅데이터·응용통계학전공 | 동국대학교 WISE캠퍼스:응용통계학과 | 영남대학교:통계학과 | 경상국립대학교:정보통계학과 | 국립창원대학교:통계학과 | 인제대학교:통계학과 | 제주대학교:전산통계학과 | 고려대학교 세종캠퍼스:빅데이터전공 | 고려대학교 세종캠퍼스:빅데이터사이언스학부 | 고려대학교 세종캠퍼스:국가통계전공 | 고려대학교 세종캠퍼스:응용통계학과 | 고려대학교 세종캠퍼스:정보통계학과
10001,한약자원학과,190.1,60 % 이상,"한약자원학과는 한약자원식물의 개발, 생산, 이용 및 상품화에 관한 연구를 하는 곳입니다. 우수한 한약자원의 재배, 유통, 가공, 저장, 분류, 분석, 개발 등에 관한 체계적인 학습과 실험ㆍ 실습을 통하여 현장에서 실무능력이 뛰어난 유능한 한약자원 전문인을 육성합니다.","한약도매자, 한약유통업자","기술지도사(생명공학분야), 농산물검사원, 농산물품질관리사, 보건위생사, 생물분류기사(식물), 식물보호기사, 식품(산업)기사, 유기농업기사, 한방병원행정사, 한약도매자","한약과 관련된 자료가 상당 부분 한자로 이루어져있기 때문에 한자에 대해 거부감이 없어야 할 것입니다. 사람의 생명과 연관된 한약자원, 한약재에 대한 탐구를 하는 전공이기 때문에 화학과 생물에 흥미와 적성을 지니면 도움이 됩니다.","한국적이고 전통적인 분야인 한약재의 개발과 한약 산업의 과학화를 추구하는 전공입니다. 한약자원의 특성상 동물, 식물, 광물, 환경, 약재 등 다양한 재료를 다루고 탐구합니다. 한약자원학과는 한약자원을 유통하는 한약도매관리자 양성을 주 목표로 합니다.",중부대학교:바이오한약학전공 | 전북대학교:한약자원학과 | 국립목포대학교:한약자원학과 | 국립순천대학교:바이오한약자원학과 | 국립순천대학교:한약자원개발학과 | 동신대학교:한약재산업학과 | 대구한의대학교:한약재약리학과
342,해양생명과학과,194.5,60 % 이상,최근 육상 자원 부족 및 해양의 경제적 가치 증가로 인하여 세계적으로 해양개발 및 보존에 관심이 집중되고 있습니다. 해양생명과학과는 수산ㆍ해양 동ㆍ식물의 양식과 생리생태 및 자원의 이용에 관한 학문으로서 수산ㆍ해양자원의 이용에 관한 여러 응용 교과목을 학습할 수 있습니다.,"해양수산기술자, 해양학연구원, 해양환경기사","수산양식기사, 수질환경기사, 어업생산관리기사, 잠수산업기사, 해양자원개발기사, 해양환경기사",해저 환경과 수산물에 대한 호기심과 관심을 지니는 사람에게 추천할만 합니다. 생물을 끊임없이 연구하는 자세가 필요하며 생명 과목에 대한 기초적인 소양이 필요합니다. 생물에 관한 실험과 실습을 진행하거나 직접 수산물을 다루는 것에 대한 거부감이 없으면 도움이 됩니다.,"지금까지 해양생물자원은 주로 생물자원 생산에 집중되었으나, 21세기 해양생물자원의 이용은 생명공학에 의한 신품종 개발과 해양생물로부터 신소재 및 신물질의 탐색 및 개발에 집중될 것으로 전망하고 있습니다.","국립부경대학교:수산생명과학부 | 국립한국해양대학교:해양과학융합학부(해양생물공학전공, 수산바이오공학전공) | 국립한국해양대학교:해양생명과학부 | 인하대학교:생명해양과학부 | 국립강릉원주대학교:해양바이오식품학과 해양바이오전공 | 국립강릉원주대학교:해양생명과학과 | 국립강릉원주대학교:해양분자생명과학과 | 국립군산대학교:해양생물자원학과 | 국립군산대학교:해양생명응용과학부(해양생물공학전공) | 국립군산대학교:해양생명과학과 | 국립군산대학교:해양생명응용과학부(해양생명과학전공) | 전남대학교:해양융합과학과 | 경상국립대학교:해양생명과학과 | 제주대학교:해양생명과학전공 | 제주대학교:해양생명과학과 | 제주대학교:수산생명의학전공 | 제주대학교:해양생산과학전공"
635,해양자원학과,190.1,60 % 이상,해양자원학과는 바다의 환경 특성을 이해하고 바다 생물이 해양환경에 어떻게 적응해 서식하고 있는지 등에 대한 생태적 특성을 파악하며 수산자원생물의 보존과 관리를 연구하는 학과입니다. 해양자원학과는 해양의 무궁무진한 잠재력을 극대화하고 해양에 부존하는 생물자원과 비생물자원의 효율적 개발과 이용과 보존에 기여하고자 합니다.,"해양공학기술자, 해양수산기술자, 해양학연구원, 해양환경기사","수산양식기사, 수질환경기사, 해양자원개발기사, 해양조사산업기사, 해양환경기사",해저 생물에 대한 호기심과 관심을 지니는 사람에게 추천할 만 합니다. 생물을 끊임없이 연구하는 자세가 필요하며 생명 과목에 대한 기초적인 소양이 필요합니다. 생물에 관한 실험과 실습을 진행하거나 생물을 다루는 것에 대한 거부감이 없으면 도움이 됩니다.,"우리나라가 삼면이 바다로 이루어진 만큼 해양자원에 대한 연구와 탐색이 중요할 것입니다. 유용한 해양 생물 자원의 발굴과 생산성 향상에 관심을 두고 있는 전공이며, 해조류, 플랑크톤, 어류 질병, 심층수 활용 등에 대해 학습할 수 있습니다.",국립부경대학교:해양생산학전공 | 국립한국해양대학교:해양과학융합학부(해양환경학전공) | 경동대학교:해양심층수융복합학과 | 경동대학교:해양심층수학과 | 국립강릉원주대학교:해양자원육성학과 | 국립강릉원주대학교:해양생태환경학과 | 국립목포대학교:식의약・원예・해양자원학부 | 국립목포대학교:해양수산자원학과 | 국립목포해양대학교:해양산업융합학과 | 전남대학교:해양생산관리학과 | 경상국립대학교:해양산업융합학과
649,화학과,190,60 % 이상,"불은 인류의 삶에 획기적인 변화를 가져왔습니다. 이같은 불은 화학반응의 결과입니다. 우리 주변의 대부분은 화학적 원리와 관련되어 있습니다. 그만큼 화학은 일상과 밀접하고 중요합니다. 화학과는 물질의 성분과 구조를 이해하고, 물질 변화의 원리를 탐구하는 곳입니다. 화학과는 화학 원리와 탐구 능력을 실천하고, 인류에게 필요한 새로운 물질을 만드는 전문 인력을 기르는 곳입니다.","자연과학연구원, 재료공학기술자","대기환경기사, 수질환경기사, 토양환경기사, 폐기물처리기사, 화공기사, 화약류관리기사, 화약류제조기사","평소 자연 현상에 대해 호기심이 있고, 화학적 변화 원리에 관심이 있는 학생이라면 관심을 가져볼 만 합니다. 기초 과학 쪽에 적성이 있고, 특히 화학에 능력이 있다면 학과 공부에 도움이 됩니다. 문제에 대한 논리적인 분석력과 끈기 있는 자세를 갖추면 더욱 좋습니다. 연구직으로 활동할 경우에는 도전 정신이나 창의적인 아이디어도 크게 도움이 됩니다.","화학과는 신소재, 대체 에너지, 신약 개발, 나노 화학, 생명공학 기술 등 다양한 분야를 이끄는 자연과학의 중심 학문입니다. 화학과는 여러 분야와 연계되어 있는 만큼 취업 분야나 범위도 광범위합니다.",건국대학교:특성화학부 | 건국대학교:화학과 | 경희대학교:화학과 | 고려대학교:화학과 | 광운대학교:화학과 | 덕성여자대학교:화학과 | 덕성여자대학교:화학전공 | 동국대학교:화학과 | 상명대학교:화학과 | 서강대학교:화학과 | 서울대학교:화학부 | 서울시립대학교:융합응용화학과 | 서울여자대학교:화학과 | 서울여자대학교:화학전공 | 성신여자대학교:화학과 | 성신여자대학교:화학・에너지융합학부 | 세종대학교:화학과 | 숙명여자대학교:화학과 | 숭실대학교:화학과 | 연세대학교:화학과 | 중앙대학교:화학과 | 한양대학교:화학과 | 경성대학교:화학전공 | 고신대학교:화학신소재전공 | 국립부경대학교:화학과 | 동아대학교:화학과 | 부산대학교:화학과 | 인천대학교:화학과 | 인하대학교:화학과 | 대전대학교:바이오응용화학과 | 목원대학교:화학・화장품학부 | 충남대학교:화학과 | 한국과학기술원:화학과 | 한남대학교:화학과 | 경북대학교:화학과 | 계명대학교:화학전공 | 계명대학교:화학과 | 울산과학기술원:화학과 | 울산대학교:화학전공 | 광주과학기술원:화학과 | 전남대학교:화학과 | 조선대학교:화학과 | 가천대학교:화학과 | 가천대학교:나노화학과 | 가톨릭대학교:화학과 | 경기대학교:화학과 | 단국대학교:화학과 | 명지대학교 자연캠퍼스:화학과 | 성균관대학교:화학과 | 수원대학교:융합화학산업 | 아주대학교:화학과 | 한국외국어대학교:화학과 | 강원대학교:화학과 | 강원대학교:화학전공 | 연세대학교 미래캠퍼스:화학및의화학전공 | 한림대학교:화학과 | 건국대학교 글로컬캠퍼스:응용화학전공 트랙 | 건국대학교 글로컬캠퍼스:뷰티화장품학과 | 건국대학교 글로컬캠퍼스:응용생화학전공 트랙 | 유원대학교:뷰티화장품학과 | 충북대학교:화학과 | 국립공주대학교:화학과 | 단국대학교:화학과 | 순천향대학교:화학과 | 한서대학교:화학과 | 국립군산대학교:첨단과학기술학부(소재화학전공) | 국립군산대학교:화학과 | 원광대학교:바이오나노화학부 | 원광대학교:화학과 | 전북대학교:화학과 | 국립목포대학교:화학과 | 국립순천대학교:화학과 | 대구대학교:화학생명과학부(나노화학전공) | 대구한의대학교:향산업전공 | 영남대학교:화학전공 | 영남대학교:화학과 | 포항공과대학교:화학과 | 경상국립대학교:화학과 | 제주대학교:화학·코스메틱스학과 | 제주대학교:화학과
653,환경공학과,206.1,60 % 이상,"최근 이상 기온, 온난화, 산성비 등 환경오염이 심각한 문제로 대두되었습니다. 그만큼 환경을 보전하는 일이 중요해졌습니다. 환경공학과는 화학이나 생물학적 원리와 공학적 방법을 활용하여 환경오염의 측정, 처리 및 개선을 위한 방법을 배우는 곳입니다. 환경공학과는 환경공학 기술을 이용하여 삶의 터전을 보존하고 치료하는 분야에 종사할 전문 인력을 기르는 곳입니다.","해양공학기술자, 상하수처리관련조작원, 소각로관련장치조작원, 환경공학기술자","대기환경기사, 생물분류기사(동물, 식물), 소음진동기사, 수질환경기사, 자연생태복원기사, 토양환경기사, 폐기물처리기사","평소 여러 자연과학 분야에 대한 흥미와 환경 보전에 대한 관심이 많다면 이 학과에 관심을 가져 볼 만합니다. 특히 화학을 비롯하여 기초과학 분야에 두루 적성이 있으면 이 학과 공부에 도움이 됩니다. 아울러 환경 분야의 현장에서 근무하고자 한다면 활동적인 것이 도움이 되고, 환경 연구에 근무하고자 하면 계속적인 실험ㆍ실습을 할 수 있는 끈기와 인내가 도움이 됩니다.",환경공학은 자연과학과 공학의 각종 지식과 기술이 융ㆍ복합적으로 요구되는 학문입니다. 따라서 여러 분야의 폭넓은 학습이 요구됩니다. 세계적으로 저탄소 녹색 성장이 중요해지고 우리나라도 발전함에 따라 앞으로 환경공학에 대한 관심도 높아지고 있습니다.,건국대학교:사회환경공학부 | 건국대학교:환경공학과 | 고려대학교:환경생태공학부 | 광운대학교:환경공학과 | 국민대학교:산림환경시스템학과 | 동국대학교:사회환경시스템공학과 | 동국대학교:건설환경공학과 | 상명대학교:공간환경학부 | 서울과학기술대학교:환경공학과(환경공학전공) | 서울과학기술대학교:건설환경융합공학과 | 서울과학기술대학교:환경공학과 | 서울과학기술대학교:환경공학과(환경정책전공) | 서울대학교:지구환경시스템공학부 | 서울대학교:건설환경공학부 | 서울대학교:조경・지역시스템공학부 | 서울시립대학교:환경공학부 | 세종대학교:건설환경공학과 | 연세대학교:사회환경시스템공학부 | 연세대학교:건설환경공학전공 | 이화여자대학교:환경공학전공 | 이화여자대학교:환경공학과 | 한양대학교:건설환경공학과 | 홍익대학교:건설환경공학과 | 경성대학교:환경공학과 | 국립부경대학교:환경공학전공 | 국립부경대학교:생태공학전공 | 국립한국해양대학교:환경공학과 | 동아대학교:환경・에너지공학부 환경안전전공 | 동아대학교:환경공학과 | 동아대학교:인간환경융합공학부 환경공학과 | 동의대학교:환경공학과 | 동의대학교:화학환경공학부 | 동의대학교:환경공학전공 | 부산가톨릭대학교:환경공학과 | 부산대학교:사회환경시스템공학부 | 신라대학교:환경공학과 | 안양대학교:해양바이오공학전공 | 인천대학교:환경공학전공 | 인천대학교:건설환경공학부 | 인천대학교:건설환경공학전공 | 인하대학교:환경공학과 | 국립한밭대학교:건설환경공학과 | 국립한밭대학교:통합물관리학과 | 대전대학교:환경공학과 | 충남대학교:환경공학과 | 한국과학기술원:건설및환경공학과 | 경북대학교:응용생명과학부 환경생명화학전공 | 경북대학교:환경공학과 | 계명대학교:환경공학과 | 울산대학교:건설환경공학부 | 울산대학교:건설환경공학전공 | 광주과학기술원:지구환경공학부 | 조선대학교:환경공학과 | 가톨릭대학교:환경공학과 | 경희대학교:환경학및환경공학과 | 동국대학교:바이오환경과학과 | 성균관대학교:건설환경공학부 | 성균관대학교:사회환경시스템공학과 | 수원대학교:건설환경에너지공학부 | 수원대학교:환경에너지공학 | 수원대학교:건설환경공학 | 신한대학교:기후환경에너지공학과 | 용인대학교:환경학과 | 평택대학교:ICT환경융합학과 | 평택대학교:ICT환경융합전공 | 한경국립대학교:건설환경공학부 | 한경국립대학교:환경공학전공 | 한국공학대학교:환경안전경영학과 | 한국외국어대학교:환경학과 | 한양대학교 ERICA캠퍼스:건설환경공학과 | 가톨릭관동대학교:환경공학전공 | 강원대학교:환경공학과 | 강원대학교:바이오자원환경학과 | 강원대학교:환경공학전공 | 강원대학교:환경융합학부 | 강원대학교:지구환경시스템공학과 | 강원대학교:환경방재공학전공 | 강원대학교:환경학과 | 강원대학교:환경공학과 | 강원대학교:바이오자원환경학전공 | 국립강릉원주대학교:건설환경공학과 | 상지대학교:환경공학과 | 상지대학교:지구환경공학과 | 상지대학교:건설환경공학과 | 연세대학교 미래캠퍼스:환경공학부 | 연세대학교 미래캠퍼스:환경에너지공학부 | 연세대학교 미래캠퍼스:환경공학전공 | 국립한국교통대학교:건설환경융합공학과 | 국립한국교통대학교:환경공학전공 | 서원대학교:환경공학과 | 세명대학교:바이오환경공학과 | 세명대학교:건설환경공학과 | 청주대학교:환경공학과 | 충북대학교:환경공학과 | 국립공주대학교:환경공학과 | 한서대학교:항공환경전공 | 한서대학교:환경공학과 | 호서대학교:환경공학전공 | 호서대학교:환경공학과 | 국립군산대학교:환경공학과 | 원광대학교:건설환경계열 | 원광대학교:건설환경공학과 | 전북대학교:환경화학공학부(환경공학전공) | 전북대학교:환경공학과 | 전북대학교:토목/환경/자원ㆍ에너지공학부(환경공학전공) | 전주대학교:환경생명과학과 | 국립목포대학교:환경공학과 | 국립순천대학교:환경공학과 | 전남대학교:환경시스템공학과 | 국립경국대학교:환경공학과 | 국립금오공과대학교:환경공학전공 | 국립금오공과대학교:환경공학과 | 대구대학교:환경기술공학과 | 신경주대학교:환경에너지ㆍ방재학부 | 영남대학교:환경공학과 | 한동대학교:공간환경시스템공학부 | 경상국립대학교:지역환경기반공학전공 | 경상국립대학교:환경공학과 | 국립창원대학교:스마트그린공학부 환경에너지공학전공 | 인제대학교:건설환경공학부 | 인제대학교:환경공학과 | 제주대학교:환경공학과 | 고려대학교 세종캠퍼스:환경시스템공학과
654,환경과학과,206.1,60 % 이상,"환경과학과는 현대의 과학과 산업의 발달에 비례하여 환경오염의 심각성이 증대되는 상황에서 이러한 환경문제에 대해 오염현상의 실태 및 원인 파악과 대책을 수립하는 학과입니다. 환경과학과는 인간과 환경의 관계를 이해하며 환경문제의 평가, 계획, 개선 및 오염방지를 위해 이용되는 과학 지식과 기술력을 배양합니다. 또한 국토의 자연 및 생활환경 보전과 복원에 이바지할 수 있도록 환경문제 해결에 선도적 역할을 수행할 수 있는 유능한 인재 양성에 교육목표를 두고 있습니다.","대기환경기술자, 상수도기술자, 소음진동기술자, 수질환경연구원, 토양환경기술자, 해양공학기술자, 환경설비기술자, 환경영향평가원, 환경위생검사원, 환경컨설턴트, 환경공학기술자","대기환경기사, 소음진동기사, 수질환경기사, 자연생태복원기사, 토양환경기사, 폐기물처리기사",환경보호에 대한 관심을 지니고 있으며 몸소 실천하는 태도가 필요합니다. 환경오염의 원인을 파악하고 피해를 최소화하는 것이 필요하기 때문에 기초적인 과학지식과 공학적 사고 능력이 필요합니다.,"환경과학과에서는 크게 수질 오염, 대기 오염, 폐기물 처리 등을 다루기 때문에 환경 오염을 둘러싼 측정, 모니터링, 평가, 정책 등의 일련의 주요 업무에 모두 연관된 중요한 학문이라고 볼 수 있습니다.",건국대학교:환경과학전공 | 고려대학교:보건환경융합과학부 | 고려대학교:지구환경과학과 | 서울대학교:지구환경과학부 | 세종사이버대학교:환경조경학과 | 국립부경대학교:환경지질과학전공 | 국립부경대학교:환경대기과학전공 | 국립한국해양대학교:해양환경학과 | 충남대학교:해양환경과학과 | 계명대학교:지구환경학전공 | 계명대학교:환경과학전공 | 전남대학교:지구환경과학부 | 한국외국어대학교:기후변화융합전공 | 한국외국어대학교:기후변화융합학부 | 강원대학교:에코환경과학전공 | 강원대학교:환경과학과 | 국립강릉원주대학교:환경조경학과 | 상지대학교:환경조경학과 | 한림대학교:기후변화융합전공 | 청주대학교:환경조경학과 | 충북대학교:지구환경과학과 | 상명대학교:환경조경학과 | 중부대학교:환경조경학과 | 전북대학교:지구환경과학과 | 전북대학교:산림환경과학과 | 전주대학교:환경안전생명과학과 | 국립순천대학교:생물환경학과 | 경운대학교:탄소중립생태전공 | 국립경국대학교:지구환경과학과 | 대구가톨릭대학교:환경과학과 | 대구가톨릭대학교:환경안전학전공 | 경상국립대학교:환경재료과학과 | 경상국립대학교:해양환경공학과
